detect_lat,detect_lon,vessel_length_m,source,detect_scene_row,detect_scene_column,is_vessel,is_fishing,distance_from_shore_km,scene_id,confidence,top,left,bottom,right,detect_id
3.96837286038512,7.82433753050574,199.5443290475213,ais,6753,15620,True,False,9999.99,a45bc46512eb61f8t,MEDIUM,,,,,a45bc46512eb61f8t_003.96837286038512004893_007.82433753050573965737
3.12796197883532,6.81374221270092,46.84074767065227,ais,16026,4374,True,False,9999.99,a45bc46512eb61f8t,MEDIUM,,,,,a45bc46512eb61f8t_003.12796197883531990058_006.81374221270092039759
3.99354644995907,7.47280986325942,59.2052877763,ais,6468,11717,True,False,9999.99,a45bc46512eb61f8t,MEDIUM,,,,,a45bc46512eb61f8t_003.99354644995906982174_007.47280986325942020443
3.90609688284416,7.00273584853523,69.66921607148167,ais,7424,6494,True,False,9999.99,a45bc46512eb61f8t,MEDIUM,,,,,a45bc46512eb61f8t_003.90609688284415978998_007.00273584853523001215
4.11510783444622,7.52979879568575,54.38577058023,ais,5125,12352,True,False,9999.99,a45bc46512eb61f8t,MEDIUM,,,,,a45bc46512eb61f8t_004.11510783444621974780_007.52979879568574972382
3.10859979485327,6.7175320186853,37.388355008175,ais,16238,3304,True,False,9999.99,a45bc46512eb61f8t,MEDIUM,,,,,a45bc46512eb61f8t_003.10859979485327020399_006.71753201868529981056
3.4995483625776,6.8915088075167,47.05885515653999,ais,11918,5248,True,False,9999.99,a45bc46512eb61f8t,MEDIUM,,,,,a45bc46512eb61f8t_003.49954836257759982487_006.89150880751669969726
4.16768326138861,6.83929482118499,47.51401525314056,ais,4526,4686,True,False,9999.99,a45bc46512eb61f8t,MEDIUM,,,,,a45bc46512eb61f8t_004.16768326138860967234_006.83929482118498999199
4.24468318398758,8.02127162371841,48.14887301884919,ais,3701,17810,True,False,9999.99,a45bc46512eb61f8t,MEDIUM,,,,,a45bc46512eb61f8t_004.24468318398758004406_008.02127162371841073707
4.1394805019641,7.50000369756593,30.82129479308889,ais,4855,12022,True,False,9999.99,a45bc46512eb61f8t,MEDIUM,,,,,a45bc46512eb61f8t_004.13948050196410033408_007.50000369756592988324
4.24079708747589,7.77721190379747,76.63608220014781,ais,3740,15101,True,False,9999.99,a45bc46512eb61f8t,MEDIUM,,,,,a45bc46512eb61f8t_004.24079708747589023687_007.77721190379747007171
4.2318142818474,7.78464106720056,74.11370320989049,ais,3840,15184,True,False,9999.99,a45bc46512eb61f8t,MEDIUM,,,,,a45bc46512eb61f8t_004.23181428184739960585_007.78464106720056037148
3.05951019122202,6.67762983097615,59.37853381101062,ais,16780,2859,True,False,9999.99,a45bc46512eb61f8t,MEDIUM,,,,,a45bc46512eb61f8t_003.05951019122201994804_006.67762983097614970518
4.35049959506096,7.3460893230356,64.05906253254463,ais,2518,10318,True,False,7.46515293180196,a45bc46512eb61f8t,MEDIUM,,,,,a45bc46512eb61f8t_004.35049959506095973438_007.34608932303560013821
3.57335114604756,7.40191573377759,57.50895763939287,ais,11113,10921,True,False,9999.99,a45bc46512eb61f8t,MEDIUM,,,,,a45bc46512eb61f8t_003.57335114604755998968_007.40191573377758960106
3.81680120503623,8.74325389770321,132.12297991056798,ais,8437,25821,True,False,4.351499359065991,a45bc46512eb61f8t,MEDIUM,,,,,a45bc46512eb61f8t_003.81680120503623010464_008.74325389770321059757
4.06110907983393,7.52609654721424,63.05011444145715,ais,5722,12310,True,False,9999.99,a45bc46512eb61f8t,MEDIUM,,,,,a45bc46512eb61f8t_004.06110907983392976917_007.52609654721424004009
4.14749376783915,8.45941958134672,31.139292399388516,ais,4780,22672,True,False,9999.99,a45bc46512eb61f8t,MEDIUM,,,,,a45bc46512eb61f8t_004.14749376783915035816_008.45941958134672056246
3.86721233756712,6.9621403563642,38.02153533246362,ais,7853,6042,True,False,9999.99,a45bc46512eb61f8t,MEDIUM,,,,,a45bc46512eb61f8t_003.86721233756711990637_006.96214035636420014441
3.98591973523269,7.31983744737618,59.70133038383667,ais,6549,10018,True,False,9999.99,a45bc46512eb61f8t,MEDIUM,,,,,a45bc46512eb61f8t_003.98591973523268983115_007.31983744737618025056
4.21384454802257,8.39179543007318,46.74702824004787,ais,4046,21922,True,False,9999.99,a45bc46512eb61f8t,MEDIUM,,,,,a45bc46512eb61f8t_004.21384454802257035766_008.39179543007318073933
3.97301126824261,7.79795949361783,37.47632022143535,ais,6701,15327,True,False,9999.99,a45bc46512eb61f8t,MEDIUM,,,,,a45bc46512eb61f8t_003.97301126824260997239_007.79795949361782980702
4.00020668291296,7.31935815392368,41.72097461632105,ais,6391,10013,True,False,9999.99,a45bc46512eb61f8t,MEDIUM,,,,,a45bc46512eb61f8t_004.00020668291296033203_007.31935815392368027688
4.20647927299926,8.07006280520716,203.89485784814315,ais,4124,18351,True,False,9999.99,a45bc46512eb61f8t,MEDIUM,,,,,a45bc46512eb61f8t_004.20647927299926038813_008.07006280520715968407
4.14881045240143,8.03743600142883,38.17741089469495,ais,4761,17988,True,False,9999.99,a45bc46512eb61f8t,MEDIUM,,,,,a45bc46512eb61f8t_004.14881045240143020436_008.03743600142882996806
4.14783128107279,7.51907647630759,69.61888803619881,ais,4763,12234,True,False,9999.99,a45bc46512eb61f8t,MEDIUM,,,,,a45bc46512eb61f8t_004.14783128107278997732_007.51907647630758990687
4.26991405582148,7.33627406336459,47.07262789767704,ais,3409,10207,True,False,9999.99,a45bc46512eb61f8t,MEDIUM,,,,,a45bc46512eb61f8t_004.26991405582147987019_007.33627406336459042535
3.58910579357275,7.41186024745353,53.324537221241535,ais,10939,11032,True,False,9999.99,a45bc46512eb61f8t,MEDIUM,,,,,a45bc46512eb61f8t_003.58910579357275016932_007.41186024745352955989
3.62214947814098,7.38633864895901,50.29913022798709,ais,10573,10749,True,False,9999.99,a45bc46512eb61f8t,MEDIUM,,,,,a45bc46512eb61f8t_003.62214947814097998346_007.38633864895901037784
4.05428485759275,7.27232023764225,33.25344780791395,ais,5792,9492,True,False,9999.99,a45bc46512eb61f8t,MEDIUM,,,,,a45bc46512eb61f8t_004.05428485759274970235_007.27232023764225044005
4.09331743127925,8.16604388511156,45.46964518366522,ais,5376,19415,True,False,9999.99,a45bc46512eb61f8t,MEDIUM,,,,,a45bc46512eb61f8t_004.09331743127925040682_008.16604388511155931951
3.57404706120594,7.39368453193626,67.48860898615385,ais,11105,10830,True,False,9999.99,a45bc46512eb61f8t,MEDIUM,,,,,a45bc46512eb61f8t_003.57404706120594006791_007.39368453193625985165
3.9770643486183,7.79235956316357,66.1285605171018,ais,6656,15265,True,False,9999.99,a45bc46512eb61f8t,MEDIUM,,,,,a45bc46512eb61f8t_003.97706434861829993821_007.79235956316357025742
4.0451318626517,7.81387847527198,44.85564520844211,ais,5904,15505,True,False,9999.99,a45bc46512eb61f8t,MEDIUM,,,,,a45bc46512eb61f8t_004.04513186265169988332_007.81387847527197987318
3.99012052427965,7.29063520458076,38.259845936612,ais,6502,9694,True,False,9999.99,a45bc46512eb61f8t,MEDIUM,,,,,a45bc46512eb61f8t_003.99012052427965002721_007.29063520458076030906
3.26716943773371,7.10614152904259,230.9832736461505,ais,14493,7628,True,False,9999.99,a45bc46512eb61f8t,MEDIUM,,,,,a45bc46512eb61f8t_003.26716943773371015780_007.10614152904259022137
4.31712922722728,7.67167071997664,56.16071146830247,ais,2894,13931,True,False,9999.99,a45bc46512eb61f8t,MEDIUM,,,,,a45bc46512eb61f8t_004.31712922722728009717_007.67167071997663985172
4.16783256819849,8.05153005664401,36.534216771461104,ais,4551,18145,True,False,9999.99,a45bc46512eb61f8t,MEDIUM,,,,,a45bc46512eb61f8t_004.16783256819848979546_008.05153005664401000274
3.12066966126561,6.86834034801855,97.83884321729082,ais,16108,4981,True,False,9999.99,a45bc46512eb61f8t,MEDIUM,,,,,a45bc46512eb61f8t_003.12066966126561018413_006.86834034801854986796
3.03636953993699,6.68233216177738,67.13601275561874,ais,17036,2911,True,False,9999.99,a45bc46512eb61f8t,MEDIUM,,,,,a45bc46512eb61f8t_003.03636953993698988086_006.68233216177737965324
4.15831688995911,7.9715583937607,47.62633751367222,ais,4655,17257,True,False,9999.99,a45bc46512eb61f8t,MEDIUM,,,,,a45bc46512eb61f8t_004.15831688995911008533_007.97155839376070041169
3.90034898388041,7.03239772432918,39.44467541154208,ais,7488,6823,True,False,9999.99,a45bc46512eb61f8t,MEDIUM,,,,,a45bc46512eb61f8t_003.90034898388041018080_007.03239772432918019973
4.1830419489652,7.05859476620966,145.27485653154997,ais,4363,7122,True,False,9999.99,a45bc46512eb61f8t,MEDIUM,,,,,a45bc46512eb61f8t_004.18304194896519998537_007.05859476620966042049
4.14105267034584,8.42267357640299,46.44413896189634,ais,4851,22264,True,False,9999.99,a45bc46512eb61f8t,MEDIUM,,,,,a45bc46512eb61f8t_004.14105267034584034747_008.42267357640299074717
4.11355966771643,7.80732180088463,47.87179481742817,ais,5147,15433,True,False,9999.99,a45bc46512eb61f8t,MEDIUM,,,,,a45bc46512eb61f8t_004.11355966771643011270_007.80732180088462968115
4.24563073570912,8.04863739629036,48.48738399849648,ais,3691,18114,True,False,9999.99,a45bc46512eb61f8t,MEDIUM,,,,,a45bc46512eb61f8t_004.24563073570911964083_008.04863739629035990220
4.32981962009819,7.32270423723803,42.44695107245455,ais,2746,10058,True,False,8.740878904177787,a45bc46512eb61f8t,MEDIUM,,,,,a45bc46512eb61f8t_004.32981962009819021375_007.32270423723802998950
4.11820158428255,8.19306563957403,73.05555194185422,ais,5101,19715,True,False,9999.99,a45bc46512eb61f8t,MEDIUM,,,,,a45bc46512eb61f8t_004.11820158428255034266_008.19306563957403000131
3.97449470539795,8.54250692549211,65.38565011577316,ais,6693,23593,True,False,9999.99,a45bc46512eb61f8t,MEDIUM,,,,,a45bc46512eb61f8t_003.97449470539794980084_008.54250692549211088078
3.89171950909793,6.98773665249286,57.7007869859236,ais,7583,6327,True,False,9999.99,a45bc46512eb61f8t,MEDIUM,,,,,a45bc46512eb61f8t_003.89171950909793018525_006.98773665249285969026
4.24607890740801,8.06072504259721,63.20197546240623,ais,3686,18248,True,False,9999.99,a45bc46512eb61f8t,MEDIUM,,,,,a45bc46512eb61f8t_004.24607890740800986151_008.06072504259721078768
3.79464457019787,8.7607456384168,146.23938054311824,ais,8682,26015,True,False,3.7488129607421223,a45bc46512eb61f8t,MEDIUM,,,,,a45bc46512eb61f8t_003.79464457019787015923_008.76074563841680031828
3.7865787410481,8.7627046923331,99.1946134974743,ais,8771,26037,True,False,3.217748213809125,a45bc46512eb61f8t,MEDIUM,,,,,a45bc46512eb61f8t_003.78657874104810021620_008.76270469233310045354
4.12635663469316,7.49146837082956,73.69133101883939,ais,5000,11927,True,False,9999.99,a45bc46512eb61f8t,MEDIUM,,,,,a45bc46512eb61f8t_004.12635663469315971952_007.49146837082956018605
4.0935168053597,7.64564837453355,56.665560022352174,ais,5366,13638,True,False,9999.99,a45bc46512eb61f8t,MEDIUM,,,,,a45bc46512eb61f8t_004.09351680535969997266_007.64564837453355039543
4.23808317669621,8.03190276294046,53.41950086339375,ais,3774,17928,True,False,9999.99,a45bc46512eb61f8t,MEDIUM,,,,,a45bc46512eb61f8t_004.23808317669621015256_008.03190276294045979455
4.37398423574054,7.10578078293943,27.721716329725,ais,2252,7651,True,False,3.4538605603108095,a45bc46512eb61f8t,MEDIUM,,,,,a45bc46512eb61f8t_004.37398423574054007190_007.10578078293942994037
3.13292773868874,7.08561533725147,72.3141705202,ais,15977,7397,True,False,9999.99,a45bc46512eb61f8t,MEDIUM,,,,,a45bc46512eb61f8t_003.13292773868873997145_007.08561533725147008056
4.15356453612888,7.48781712212225,54.80829953226305,ais,4699,11887,True,False,9999.99,a45bc46512eb61f8t,MEDIUM,,,,,a45bc46512eb61f8t_004.15356453612888021354_007.48781712212224981329
4.07075279888154,7.50310370397856,55.93572444005131,ais,5615,12055,True,False,9999.99,a45bc46512eb61f8t,MEDIUM,,,,,a45bc46512eb61f8t_004.07075279888154017982_007.50310370397856019054
3.87771148902487,8.02879617454934,44.72393542785921,ais,7758,17889,True,False,9999.99,a45bc46512eb61f8t,MEDIUM,,,,,a45bc46512eb61f8t_003.87771148902487006183_008.02879617454934013665
4.41065106520121,7.35296657729545,28.93788703899375,ais,1853,10396,True,False,3.12967414436481,a45bc46512eb61f8t,MEDIUM,,,,,a45bc46512eb61f8t_004.41065106520121030798_007.35296657729545000137
3.24080252692286,6.56838794789036,45.709991689436656,ais,14772,1649,True,False,9999.99,a45bc46512eb61f8t,MEDIUM,,,,,a45bc46512eb61f8t_003.24080252692285997185_006.56838794789036040100
4.24073404091794,7.39703874869937,22.0,ais,3733,10881,True,False,9999.99,a45bc46512eb61f8t,MEDIUM,,,,,a45bc46512eb61f8t_004.24073404091793992876_007.39703874869937028080
4.02454234789323,6.87492234088302,173.38035702284188,ais,6110,5078,True,False,9999.99,a45bc46512eb61f8t,MEDIUM,,,,,a45bc46512eb61f8t_004.02454234789323006538_006.87492234088302023309
4.33690385499965,7.29150929418534,37.805800217490905,ais,2667,9712,True,False,6.833695166122323,a45bc46512eb61f8t,MEDIUM,,,,,a45bc46512eb61f8t_004.33690385499965014304_007.29150929418533966242
4.03357276722751,7.52480815468971,130.98455351625222,ais,6027,12295,True,False,9999.99,a45bc46512eb61f8t,MEDIUM,,,,,a45bc46512eb61f8t_004.03357276722751034725_007.52480815468971009352
3.88159617859604,7.04342053459658,60.81222171684545,ais,7696,6945,True,False,9999.99,a45bc46512eb61f8t,MEDIUM,,,,,a45bc46512eb61f8t_003.88159617859603978118_007.04342053459657968517
4.33838504674775,7.34315134277677,55.234762320523,ais,2652,10285,True,False,8.52735716949731,a45bc46512eb61f8t,MEDIUM,,,,,a45bc46512eb61f8t_004.33838504674775027325_007.34315134277677028507
4.05994442503684,7.48331946042496,77.48343418686314,ais,5734,11835,True,False,9999.99,a45bc46512eb61f8t,MEDIUM,,,,,a45bc46512eb61f8t_004.05994442503684016543_007.48331946042496021221
4.11200968804514,8.02788875105062,52.91882027457121,ais,5168,17882,True,False,9999.99,a45bc46512eb61f8t,MEDIUM,,,,,a45bc46512eb61f8t_004.11200968804514044308_008.02788875105061983106
4.04751829461536,7.50701831806464,40.20160646150293,ais,5872,12098,True,False,9999.99,a45bc46512eb61f8t,MEDIUM,,,,,a45bc46512eb61f8t_004.04751829461535983512_007.50701831806463992791
4.20270802034637,7.42069928908165,120.08,ais,4154,11143,True,False,9999.99,a45bc46512eb61f8t,MEDIUM,,,,,a45bc46512eb61f8t_004.20270802034637025457_007.42069928908165010739
3.26903848010257,7.09713851134424,24.280023225462504,ais,14472,7528,True,False,9999.99,a45bc46512eb61f8t,MEDIUM,,,,,a45bc46512eb61f8t_003.26903848010256981027_007.09713851134424000833
3.98787213298989,7.31219763733089,57.242256445315874,ais,6527,9933,True,False,9999.99,a45bc46512eb61f8t,MEDIUM,,,,,a45bc46512eb61f8t_003.98787213298989007271_007.31219763733088967683
4.10347468990415,8.19186998016187,78.76061189232172,ais,5264,19702,True,False,9999.99,a45bc46512eb61f8t,MEDIUM,,,,,a45bc46512eb61f8t_004.10347468990415009671_008.19186998016187040150
4.30492151082189,7.25655804474306,50.3,ais,3020,9323,True,False,9.38596018525489,a45bc46512eb61f8t,MEDIUM,,,,,a45bc46512eb61f8t_004.30492151082188989619_007.25655804474305998752
4.10149344427609,8.17384549199327,47.74835652708235,ais,5286,19502,True,False,9999.99,a45bc46512eb61f8t,MEDIUM,,,,,a45bc46512eb61f8t_004.10149344427609019448_008.17384549199326926328
4.03896551561906,7.34060562218174,35.72314110115518,ais,5963,10250,True,False,9999.99,a45bc46512eb61f8t,MEDIUM,,,,,a45bc46512eb61f8t_004.03896551561905958749_007.34060562218173995319
3.79424615510728,8.74713327090168,144.45656557531473,ais,8686,25864,True,False,2.537553481234614,a45bc46512eb61f8t,MEDIUM,,,,,a45bc46512eb61f8t_003.79424615510728013845_008.74713327090167958033
4.22148377911271,8.33541073648925,26.882104072747055,ais,3961,21296,True,False,9999.99,a45bc46512eb61f8t,MEDIUM,,,,,a45bc46512eb61f8t_004.22148377911271044383_008.33541073648924957240
4.25185667754288,7.39674555585311,54.14681420039856,ais,3610,10878,True,False,9999.99,a45bc46512eb61f8t,MEDIUM,,,,,a45bc46512eb61f8t_004.25185667754287965892_007.39674555585311033212
4.14823152995831,8.48032184002494,37.84694685545168,ais,4772,22904,True,False,9999.99,a45bc46512eb61f8t,MEDIUM,,,,,a45bc46512eb61f8t_004.14823152995831012646_008.48032184002494027197
3.1219374254221,6.6540237396831,216.64250425471675,ais,16089,2598,True,False,9999.99,a45bc46512eb61f8t,MEDIUM,,,,,a45bc46512eb61f8t_003.12193742542210017632_006.65402373968310012486
4.31649779012458,6.93342644272286,28.8877834787,ais,2883,5736,True,False,5.725205797845921,a45bc46512eb61f8t,MEDIUM,,,,,a45bc46512eb61f8t_004.31649779012458001404_006.93342644272286001694
3.81801652084276,6.99988940568478,44.19076193015616,ais,8398,6460,True,False,9999.99,a45bc46512eb61f8t,MEDIUM,,,,,a45bc46512eb61f8t_003.81801652084276010868_006.99988940568477957527
4.0891802645617,8.02767600927948,76.5691716972559,ais,5420,17879,True,False,9999.99,a45bc46512eb61f8t,MEDIUM,,,,,a45bc46512eb61f8t_004.08918026456170036198_008.02767600927947988509
3.88955206243581,7.04157353288689,60.99048180180412,ais,7608,6925,True,False,9999.99,a45bc46512eb61f8t,MEDIUM,,,,,a45bc46512eb61f8t_003.88955206243580997594_007.04157353288688980797
4.31938205076549,7.6067770622678,74.29263728074392,ais,2868,13211,True,False,9999.99,a45bc46512eb61f8t,MEDIUM,,,,,a45bc46512eb61f8t_004.31938205076548964456_007.60677706226779992704
4.28191852463449,7.74299610575135,78.75033614696561,ais,3285,14722,True,False,9999.99,a45bc46512eb61f8t,MEDIUM,,,,,a45bc46512eb61f8t_004.28191852463448974220_007.74299610575134966695
4.27705786730057,7.72282096183842,59.9677492171577,ais,3338,14498,True,False,9999.99,a45bc46512eb61f8t,MEDIUM,,,,,a45bc46512eb61f8t_004.27705786730057013756_007.72282096183842003967
4.10139947285635,8.71721046202902,49.189259980565765,ais,5291,25533,True,False,9999.99,a45bc46512eb61f8t,MEDIUM,,,,,a45bc46512eb61f8t_004.10139947285635031449_008.71721046202901916899
4.3104053182706,7.36823678742429,17.628984749999997,ais,2962,10563,True,False,9999.99,a45bc46512eb61f8t,MEDIUM,,,,,a45bc46512eb61f8t_004.31040531827060036107_007.36823678742428977984
3.95550457796532,7.82608391062004,45.40728906309788,ais,6895,15639,True,False,9999.99,a45bc46512eb61f8t,MEDIUM,,,,,a45bc46512eb61f8t_003.95550457796531995669_007.82608391062004038474
4.15142041525986,7.56050896353529,40.92702150642037,ais,4724,12694,True,False,9999.99,a45bc46512eb61f8t,MEDIUM,,,,,a45bc46512eb61f8t_004.15142041525986016381_007.56050896353529022775
3.97986496892095,7.78407982031738,43.53374327391608,ais,6625,15173,True,False,9999.99,a45bc46512eb61f8t,MEDIUM,,,,,a45bc46512eb61f8t_003.97986496892095020783_007.78407982031738043815
4.13324685243943,7.51589965838208,54.37213297949474,ais,4924,12198,True,False,9999.99,a45bc46512eb61f8t,MEDIUM,,,,,a45bc46512eb61f8t_004.13324685243942990809_007.51589965838207962889
4.23076084995511,7.90118824222704,46.635182211966125,ais,3853,16477,True,False,9999.99,a45bc46512eb61f8t,MEDIUM,,,,,a45bc46512eb61f8t_004.23076084995510992570_007.90118824222703963756
4.09195349945633,7.62419989841132,73.11175222158155,ais,5383,13400,True,False,9999.99,a45bc46512eb61f8t,MEDIUM,,,,,a45bc46512eb61f8t_004.09195349945632980138_007.62419989841132039743
4.15577439312653,7.95892377876645,81.08647128253446,ais,4683,17117,True,False,9999.99,a45bc46512eb61f8t,MEDIUM,,,,,a45bc46512eb61f8t_004.15577439312652963110_007.95892377876644996348
4.25430159849814,7.79483492516681,59.40397778078589,ais,3591,15297,True,False,9999.99,a45bc46512eb61f8t,MEDIUM,,,,,a45bc46512eb61f8t_004.25430159849813982476_007.79483492516680964712
4.19176308383712,7.23778146579439,79.32605203781957,ais,4271,9112,True,False,9999.99,a45bc46512eb61f8t,MEDIUM,,,,,a45bc46512eb61f8t_004.19176308383712026284_007.23778146579438974584
4.17629371920587,7.05466483676664,39.986431556043954,ais,4437,7078,True,False,9999.99,a45bc46512eb61f8t,MEDIUM,,,,,a45bc46512eb61f8t_004.17629371920587022515_007.05466483676663980162
4.2091590919804,8.06248504309043,56.62637469558439,ais,4094,18267,True,False,9999.99,a45bc46512eb61f8t,MEDIUM,,,,,a45bc46512eb61f8t_004.20915909198039983607_008.06248504309042957061
4.11801329683658,7.79060959842815,77.84068101447596,ais,5098,15248,True,False,9999.99,a45bc46512eb61f8t,MEDIUM,,,,,a45bc46512eb61f8t_004.11801329683657968417_007.79060959842814959586
4.13764582497749,8.08906157462434,47.949801127365,ais,4885,18561,True,False,9999.99,a45bc46512eb61f8t,MEDIUM,,,,,a45bc46512eb61f8t_004.13764582497748989454_008.08906157462434016736
3.79085972698977,8.10652348953724,82.57757535071372,ais,8719,18751,True,False,9999.99,a45bc46512eb61f8t,MEDIUM,,,,,a45bc46512eb61f8t_003.79085972698976991779_008.10652348953724022351
4.03622272999207,7.2965008532584,91.30999193559605,ais,5992,9760,True,False,9999.99,a45bc46512eb61f8t,MEDIUM,,,,,a45bc46512eb61f8t_004.03622272999206987976_007.29650085325839992123
4.00250154389226,7.74187943977373,52.967378924055005,ais,6374,14705,True,False,9999.99,a45bc46512eb61f8t,MEDIUM,,,,,a45bc46512eb61f8t_004.00250154389225976104_007.74187943977373027593
4.10910583824178,8.11197603451881,37.1175328108061,ais,5201,18815,True,False,9999.99,a45bc46512eb61f8t,MEDIUM,,,,,a45bc46512eb61f8t_004.10910583824178043955_008.11197603451880944192
4.11497276173523,8.10880724248657,66.49478039822641,ais,5136,18780,True,False,9999.99,a45bc46512eb61f8t,MEDIUM,,,,,a45bc46512eb61f8t_004.11497276173523029996_008.10880724248657003272
3.17928526916491,6.82797862016777,47.13673669882972,ais,15459,4534,True,False,9999.99,a45bc46512eb61f8t,MEDIUM,,,,,a45bc46512eb61f8t_003.17928526916491005494_006.82797862016777035166
4.1897255011789,6.93342216142878,,ais,4285,5732,True,False,9999.99,a45bc46512eb61f8t,MEDIUM,,,,,a45bc46512eb61f8t_004.18972550117890030208_006.93342216142877987295
4.0497196425013,7.4882917998647,71.68980780904589,ais,5847,11890,True,False,9999.99,a45bc46512eb61f8t,MEDIUM,,,,,a45bc46512eb61f8t_004.04971964250129978780_007.48829179986470006014
4.04124640168798,8.19176215485861,22.735538202092307,ais,5952,19700,True,False,9999.99,a45bc46512eb61f8t,MEDIUM,,,,,a45bc46512eb61f8t_004.04124640168797988338_008.19176215485861014542
4.31242364536436,7.65624852835848,56.22837029659199,ais,2946,13760,True,False,9999.99,a45bc46512eb61f8t,MEDIUM,,,,,a45bc46512eb61f8t_004.31242364536436006972_007.65624852835848024313
4.0453192948941,7.5308365609164,68.81368128842726,ais,5897,12362,True,False,9999.99,a45bc46512eb61f8t,MEDIUM,,,,,a45bc46512eb61f8t_004.04531929489410035927_007.53083656091640030183
3.05142788871649,6.69804542703898,65.31880155490587,ais,16870,3086,True,False,9999.99,a45bc46512eb61f8t,MEDIUM,,,,,a45bc46512eb61f8t_003.05142788871649006666_006.69804542703897975997
3.87092698342588,7.03872755523665,222.69989729138257,ais,7814,6893,True,False,9999.99,a45bc46512eb61f8t,MEDIUM,,,,,a45bc46512eb61f8t_003.87092698342588015237_007.03872755523665016852
3.97919862042063,8.52995069180164,40.16653678158169,ais,6641,23454,True,False,9999.99,a45bc46512eb61f8t,MEDIUM,,,,,a45bc46512eb61f8t_003.97919862042063021690_008.52995069180163945077
3.14866586076907,6.8148345923193,62.44114704368285,ais,15797,4387,True,False,9999.99,a45bc46512eb61f8t,MEDIUM,,,,,a45bc46512eb61f8t_003.14866586076907006841_006.81483459231929966649
4.21878452973182,7.39221652958848,343.4,ais,3976,10827,True,False,9999.99,a45bc46512eb61f8t,MEDIUM,,,,,a45bc46512eb61f8t_004.21878452973181961028_007.39221652958848007842
4.20238717520092,7.233092369165,29.382063514163637,ais,4153,9060,True,False,9999.99,a45bc46512eb61f8t,MEDIUM,,,,,a45bc46512eb61f8t_004.20238717520092031066_007.23309236916499997960
3.81017523910983,8.06655620395407,53.28902409935371,ais,8505,18307,True,False,9999.99,a45bc46512eb61f8t,MEDIUM,,,,,a45bc46512eb61f8t_003.81017523910982980340_008.06655620395406991463
3.8361852539063,7.68524627670818,28.861231269405884,ais,8212,14073,True,False,9999.99,a45bc46512eb61f8t,MEDIUM,,,,,a45bc46512eb61f8t_003.83618525390629994121_007.68524627670818016867
3.8379958935849,7.69216679569056,47.60054821123043,ais,8192,14150,True,False,9999.99,a45bc46512eb61f8t,MEDIUM,,,,,a45bc46512eb61f8t_003.83799589358490012003_007.69216679569055994392
3.79987708294302,8.07951659431713,215.5983123399565,ais,8619,18451,True,False,9999.99,a45bc46512eb61f8t,MEDIUM,,,,,a45bc46512eb61f8t_003.79987708294301995693_008.07951659431713054005
3.80024256612117,8.08293820694643,197.82190187047848,ais,8615,18489,True,False,9999.99,a45bc46512eb61f8t,MEDIUM,,,,,a45bc46512eb61f8t_003.80024256612116984044_008.08293820694643017077
4.25909194399174,6.71774881441015,26.193010348337506,ais,3511,3339,True,True,8.605896928348463,a45bc46512eb61f8t,MEDIUM,,,,,a45bc46512eb61f8t_004.25909194399173962609_006.71774881441015025985
4.18884762625267,6.90930789422111,22.8085239402,ais,4294,5464,True,True,9999.99,a45bc46512eb61f8t,MEDIUM,,,,,a45bc46512eb61f8t_004.18884762625267015324_006.90930789422110969156
4.17325791887409,6.96695495474152,20.842428360566664,ais,4468,6104,True,True,9999.99,a45bc46512eb61f8t,MEDIUM,,,,,a45bc46512eb61f8t_004.17325791887409014436_006.96695495474151993420
4.23121798732306,6.76527384363255,31.113948496847065,ais,3821,3866,True,True,9999.99,a45bc46512eb61f8t,MEDIUM,,,,,a45bc46512eb61f8t_004.23121798732305975932_006.76527384363255013255
4.07953518608999,6.6453501378848,29.07790284372162,ais,5495,2529,True,True,9999.99,a45bc46512eb61f8t,MEDIUM,,,,,a45bc46512eb61f8t_004.07953518608999043948_006.64535013788480011243
4.25389775888305,7.51764075748594,27.546412573276925,ais,3590,12220,True,True,9999.99,a45bc46512eb61f8t,MEDIUM,,,,,a45bc46512eb61f8t_004.25389775888304999540_007.51764075748593985082
4.27610367006376,7.45093396534937,25.037527159325005,ais,3343,11480,True,True,9999.99,a45bc46512eb61f8t,MEDIUM,,,,,a45bc46512eb61f8t_004.27610367006376002053_007.45093396534937024711
4.19017652520242,6.93683281274749,34.125604611377774,ais,4280,5770,True,True,9999.99,a45bc46512eb61f8t,MEDIUM,,,,,a45bc46512eb61f8t_004.19017652520242034342_006.93683281274748964051
4.24804230121851,7.47791553056915,24.873082840773684,ais,3654,11779,True,True,9999.99,a45bc46512eb61f8t,MEDIUM,,,,,a45bc46512eb61f8t_004.24804230121850956436_007.47791553056914981568
4.20039126630725,6.90172156234401,33.80577363978966,ais,4166,5380,True,True,9999.99,a45bc46512eb61f8t,MEDIUM,,,,,a45bc46512eb61f8t_004.20039126630724979350_006.90172156234400979713
6.30720175989814,3.18147390097364,191.7577905782485,ais,9630,4307,True,False,9999.99,7ad36b8e9f95ba1at,MEDIUM,,,,,7ad36b8e9f95ba1at_006.30720175989814002548_003.18147390097364013428
5.50967360964773,4.95950259736666,189.9618081981368,ais,18411,24008,True,False,9999.99,7ad36b8e9f95ba1at,MEDIUM,,,,,7ad36b8e9f95ba1at_005.50967360964772989718_004.95950259736665977073
6.32280249653797,3.2131621823158,194.31126710546116,ais,9458,4657,True,False,8.67324977373438,7ad36b8e9f95ba1at,MEDIUM,,,,,7ad36b8e9f95ba1at_006.32280249653797010723_003.21316218231579986409
6.29753434207249,3.20370416362973,178.2559160383238,ais,9737,4553,True,False,9999.99,7ad36b8e9f95ba1at,MEDIUM,,,,,7ad36b8e9f95ba1at_006.29753434207249007670_003.20370416362972987301
6.01406736878007,3.31538403545093,184.54108072665557,ais,12870,5790,True,False,9999.99,7ad36b8e9f95ba1at,MEDIUM,,,,,7ad36b8e9f95ba1at_006.01406736878007031066_003.31538403545093007807
5.54649484730813,5.00607538795873,25.28196016737,ais,18002,24523,True,False,9999.99,7ad36b8e9f95ba1at,MEDIUM,,,,,7ad36b8e9f95ba1at_005.54649484730813036037_005.00607538795873008297
6.30897037765105,3.33011280656908,98.37142334491531,ais,9610,5951,True,False,9999.99,7ad36b8e9f95ba1at,MEDIUM,,,,,7ad36b8e9f95ba1at_006.30897037765105039853_003.33011280656908015274
6.32034468570317,3.18928430929207,201.66197616212844,ais,9485,4393,True,False,9.106554231586799,7ad36b8e9f95ba1at,MEDIUM,,,,,7ad36b8e9f95ba1at_006.32034468570317020664_003.18928430929206996325
5.44743820776275,5.02083594927347,62.72657550720916,ais,19097,24690,True,False,9999.99,7ad36b8e9f95ba1at,MEDIUM,,,,,7ad36b8e9f95ba1at_005.44743820776275011752_005.02083594927347043324
6.35835644281841,3.37722139986281,77.59637142602443,ais,9064,6472,True,False,4.337997737718246,7ad36b8e9f95ba1at,MEDIUM,,,,,7ad36b8e9f95ba1at_006.35835644281841005920_003.37722139986281000290
6.36465114940661,3.38060358243125,54.49993436565,ais,8994,6509,True,False,3.6058465375908377,7ad36b8e9f95ba1at,MEDIUM,,,,,7ad36b8e9f95ba1at_006.36465114940661003118_003.38060358243125014255
5.59197614357255,4.95371633625383,40.681762069533335,ais,17501,23941,True,False,9999.99,7ad36b8e9f95ba1at,MEDIUM,,,,,7ad36b8e9f95ba1at_005.59197614357255012862_004.95371633625383012145
6.39159463830148,3.90017655418433,62.297746329358326,ais,8689,12255,True,False,4.417291779021397,7ad36b8e9f95ba1at,MEDIUM,,,,,7ad36b8e9f95ba1at_006.39159463830147966945_003.90017655418433006886
5.49374416449876,4.82164917245002,46.35320399741072,ais,18592,22481,True,False,9999.99,7ad36b8e9f95ba1at,MEDIUM,,,,,7ad36b8e9f95ba1at_005.49374416449875990764_004.82164917245002033752
6.36155837342598,3.39010529969422,71.45833087540859,ais,9028,6614,True,False,3.888760598567637,7ad36b8e9f95ba1at,MEDIUM,,,,,7ad36b8e9f95ba1at_006.36155837342598040607_003.39010529969421980923
6.25191682581236,3.17812683280537,185.68706619250452,ais,10242,4270,True,False,9999.99,7ad36b8e9f95ba1at,MEDIUM,,,,,7ad36b8e9f95ba1at_006.25191682581236030103_003.17812683280536978359
6.35164052180073,3.32270773369319,73.55552392527693,ais,9138,5869,True,False,5.584914324322139,7ad36b8e9f95ba1at,MEDIUM,,,,,7ad36b8e9f95ba1at_006.35164052180073035458_003.32270773369319005752
6.33052062031148,3.95603895918327,134.4,ais,9363,12874,True,False,9999.99,7ad36b8e9f95ba1at,MEDIUM,,,,,7ad36b8e9f95ba1at_006.33052062031148032872_003.95603895918327008729
6.30241214305912,3.21600379837959,238.28244389428357,ais,9683,4689,True,False,9999.99,7ad36b8e9f95ba1at,MEDIUM,,,,,7ad36b8e9f95ba1at_006.30241214305911956473_003.21600379837959016172
5.56214423871946,5.05873000359858,62.53433910896144,ais,17827,25106,True,False,9999.99,7ad36b8e9f95ba1at,MEDIUM,,,,,7ad36b8e9f95ba1at_005.56214423871946017641_005.05873000359857982744
5.50976276369206,5.09231483230358,57.338799004440006,ais,18405,25480,True,False,8.286993375830622,7ad36b8e9f95ba1at,MEDIUM,,,,,7ad36b8e9f95ba1at_005.50976276369206008354_005.09231483230357984127
5.5511506869491,5.02160270961852,53.90634791436413,ais,17950,24695,True,False,9999.99,7ad36b8e9f95ba1at,MEDIUM,,,,,7ad36b8e9f95ba1at_005.55115068694910007707_005.02160270961852006621
6.11042428002515,3.41431618330885,134.02,ais,11804,6884,True,False,9999.99,7ad36b8e9f95ba1at,MEDIUM,,,,,7ad36b8e9f95ba1at_006.11042428002514981245_003.41431618330884978363
6.36449909065094,3.34794898987205,141.00928884903368,ais,8996,6148,True,False,3.9359322303534756,7ad36b8e9f95ba1at,MEDIUM,,,,,7ad36b8e9f95ba1at_006.36449909065094043825_003.34794898987204980756
6.29891035178409,3.34656209074961,36.32850484905933,ais,9721,6133,True,False,9999.99,7ad36b8e9f95ba1at,MEDIUM,,,,,7ad36b8e9f95ba1at_006.29891035178409008921_003.34656209074961008554
6.30741561953708,3.31909681928012,84.39022012383167,ais,9627,5829,True,False,9999.99,7ad36b8e9f95ba1at,MEDIUM,,,,,7ad36b8e9f95ba1at_006.30741561953708007593_003.31909681928011979224
6.27883680612245,3.22618635635307,178.97352104856515,ais,9944,4802,True,False,9999.99,7ad36b8e9f95ba1at,MEDIUM,,,,,7ad36b8e9f95ba1at_006.27883680612244976516_003.22618635635306993947
6.32557566684577,3.39494678165363,100.53214097261564,ais,9426,6668,True,False,7.87552899068591,7ad36b8e9f95ba1at,MEDIUM,,,,,7ad36b8e9f95ba1at_006.32557566684577032845_003.39494678165362984146
6.25287745095566,3.21343471698314,121.83662174676056,ais,10231,4661,True,False,9999.99,7ad36b8e9f95ba1at,MEDIUM,,,,,7ad36b8e9f95ba1at_006.25287745095566016573_003.21343471698313987162
6.31357875610426,3.14830984752438,33.743294475300004,ais,9560,3940,True,False,9.535203795107424,7ad36b8e9f95ba1at,MEDIUM,,,,,7ad36b8e9f95ba1at_006.31357875610425978152_003.14830984752437981200
6.34792307936967,3.39370372897467,86.4661265818574,ais,9179,6654,True,False,5.401654934527192,7ad36b8e9f95ba1at,MEDIUM,,,,,7ad36b8e9f95ba1at_006.34792307936966970772_003.39370372897466987538
6.35441648634325,3.39308201134453,52.220830354458336,ais,9107,6647,True,False,4.679329884948822,7ad36b8e9f95ba1at,MEDIUM,,,,,7ad36b8e9f95ba1at_006.35441648634324973699_003.39308201134452991354
6.29998002294386,3.23021481643202,156.0977629821349,ais,9710,4846,True,False,9999.99,7ad36b8e9f95ba1at,MEDIUM,,,,,7ad36b8e9f95ba1at_006.29998002294385983646_003.23021481643201990863
6.3001611961632,3.19133604559261,183.3,ais,9708,4416,True,False,9999.99,7ad36b8e9f95ba1at,MEDIUM,,,,,7ad36b8e9f95ba1at_006.30016119616319958396_003.19133604559260986022
6.24707407420938,3.32096110238063,92.09711576097956,ais,10294,5850,True,False,9999.99,7ad36b8e9f95ba1at,MEDIUM,,,,,7ad36b8e9f95ba1at_006.24707407420938043430_003.32096110238062980358
5.46858791975685,4.99814522967893,41.53181884558295,ais,18864,24438,True,False,9999.99,7ad36b8e9f95ba1at,MEDIUM,,,,,7ad36b8e9f95ba1at_005.46858791975684965792_004.99814522967893015704
6.25862991647367,3.20550280490985,177.43041380890193,ais,10167,4573,True,False,9999.99,7ad36b8e9f95ba1at,MEDIUM,,,,,7ad36b8e9f95ba1at_006.25862991647367028492_003.20550280490984995652
5.71084074945665,4.28216971172026,17.779795246342857,ais,16207,16498,True,False,9999.99,7ad36b8e9f95ba1at,MEDIUM,,,,,7ad36b8e9f95ba1at_005.71084074945664976752_004.28216971172026017456
6.35384748863259,3.87014123685848,79.22458298221562,ais,9107,11924,True,False,8.813645692037047,7ad36b8e9f95ba1at,MEDIUM,,,,,7ad36b8e9f95ba1at_006.35384748863259041229_003.87014123685848021594
6.30701918097329,3.1568411491155,175.0098624381971,ais,9632,4035,True,False,9999.99,7ad36b8e9f95ba1at,MEDIUM,,,,,7ad36b8e9f95ba1at_006.30701918097329006230_003.15684114911549995597
6.34785787963459,3.36718985222094,101.8235391274682,ais,9180,6361,True,False,5.5881206608669425,7ad36b8e9f95ba1at,MEDIUM,,,,,7ad36b8e9f95ba1at_006.34785787963459036121_003.36718985222093980525
6.27283961650496,3.42838521560126,218.22556210478615,ais,10009,7038,True,False,9999.99,7ad36b8e9f95ba1at,MEDIUM,,,,,7ad36b8e9f95ba1at_006.27283961650496024731_003.42838521560125997212
5.34237770295681,4.36792895346472,40.52674234636843,ais,20279,17457,True,False,9999.99,7ad36b8e9f95ba1at,MEDIUM,,,,,7ad36b8e9f95ba1at_005.34237770295681002608_004.36792895346471965468
6.31190062508696,3.23606849286219,162.13820846260478,ais,9578,4911,True,False,9999.99,7ad36b8e9f95ba1at,MEDIUM,,,,,7ad36b8e9f95ba1at_006.31190062508695959309_003.23606849286219011574
6.30693624575035,3.22794961410679,29.825297778970736,ais,9633,4821,True,False,9999.99,7ad36b8e9f95ba1at,MEDIUM,,,,,7ad36b8e9f95ba1at_006.30693624575035016733_003.22794961410679004388
5.51796276326504,5.0481153502348,35.44674515907129,ais,18316,24990,True,False,9999.99,7ad36b8e9f95ba1at,MEDIUM,,,,,7ad36b8e9f95ba1at_005.51796276326504031573_005.04811535023480040252
6.26932631025068,3.33986828423676,106.46585185737352,ais,10048,6059,True,False,9999.99,7ad36b8e9f95ba1at,MEDIUM,,,,,7ad36b8e9f95ba1at_006.26932631025067976793_003.33986828423675996547
5.36720397721786,4.35740204257762,63.712876668925,ais,20005,17340,True,False,9999.99,7ad36b8e9f95ba1at,MEDIUM,,,,,7ad36b8e9f95ba1at_005.36720397721786035561_004.35740204257762009377
6.25426062246469,3.34198673748246,108.985677875472,ais,10215,6083,True,False,9999.99,7ad36b8e9f95ba1at,MEDIUM,,,,,7ad36b8e9f95ba1at_006.25426062246468994488_003.34198673748245989046
6.26913729809208,3.21446781041289,173.88364611331556,ais,10051,4672,True,False,9999.99,7ad36b8e9f95ba1at,MEDIUM,,,,,7ad36b8e9f95ba1at_006.26913729809207964649_003.21446781041289009195
6.11435784111413,3.40010016723681,112.5886862658294,ais,11761,6727,True,False,9999.99,7ad36b8e9f95ba1at,MEDIUM,,,,,7ad36b8e9f95ba1at_006.11435784111413038744_003.40010016723680985606
5.36541323871452,4.34648566058819,87.84646823809999,ais,20025,17219,True,False,9999.99,7ad36b8e9f95ba1at,MEDIUM,,,,,7ad36b8e9f95ba1at_005.36541323871452036087_004.34648566058818985880
5.42982038144832,4.98702877116749,42.19357472384706,ais,19293,24316,True,False,9999.99,7ad36b8e9f95ba1at,MEDIUM,,,,,7ad36b8e9f95ba1at_005.42982038144832035442_004.98702877116749032638
6.34426428350243,3.34340096207333,114.121421467925,ais,9220,6098,True,False,6.167361498480661,7ad36b8e9f95ba1at,MEDIUM,,,,,7ad36b8e9f95ba1at_006.34426428350243032384_003.34340096207332981848
6.29588566742651,3.2585932148718,32.569485242473164,ais,9755,5160,True,False,9999.99,7ad36b8e9f95ba1at,MEDIUM,,,,,7ad36b8e9f95ba1at_006.29588566742650979080_003.25859321487180020327
6.31387761005418,3.20957112426041,219.0,ais,9556,4618,True,False,9.666004479049988,7ad36b8e9f95ba1at,MEDIUM,,,,,7ad36b8e9f95ba1at_006.31387761005418024496_003.20957112426040991338
6.27297357240358,3.15925274191811,181.1001808535281,ais,10009,4061,True,False,9999.99,7ad36b8e9f95ba1at,MEDIUM,,,,,7ad36b8e9f95ba1at_006.27297357240358000041_003.15925274191811000790
6.30570542164332,3.34666271076525,206.19719357176888,ais,9646,6134,True,False,9999.99,7ad36b8e9f95ba1at,MEDIUM,,,,,7ad36b8e9f95ba1at_006.30570542164331993007_003.34666271076525001504
6.26057141129238,3.16924670717126,201.98799828131743,ais,10146,4172,True,False,9999.99,7ad36b8e9f95ba1at,MEDIUM,,,,,7ad36b8e9f95ba1at_006.26057141129238026167_003.16924670717126000241
6.26986181671839,3.23409697400466,187.39411316891312,ais,10043,4889,True,False,9999.99,7ad36b8e9f95ba1at,MEDIUM,,,,,7ad36b8e9f95ba1at_006.26986181671839037932_003.23409697400466011885
5.70955676669369,4.52511208837952,61.08989518616054,ais,16215,19189,True,False,9999.99,7ad36b8e9f95ba1at,MEDIUM,,,,,7ad36b8e9f95ba1at_005.70955676669368994425_004.52511208837951972583
5.36076023664152,4.31932383987403,84.19084381838002,ais,20077,16918,True,False,9999.99,7ad36b8e9f95ba1at,MEDIUM,,,,,7ad36b8e9f95ba1at_005.36076023664151968262_004.31932383987402968017
6.28749989695411,3.2259537839533,181.96850918560955,ais,9848,4799,True,False,9999.99,7ad36b8e9f95ba1at,MEDIUM,,,,,7ad36b8e9f95ba1at_006.28749989695410960167_003.22595378395330012467
6.34642330109048,3.302976203468,105.714701657595,ais,9196,5651,True,False,6.649826037254152,7ad36b8e9f95ba1at,MEDIUM,,,,,7ad36b8e9f95ba1at_006.34642330109048025122_003.30297620346799991609
5.551691581545,5.0461561441959,54.25932247560001,ais,17943,24967,True,False,9999.99,7ad36b8e9f95ba1at,MEDIUM,,,,,7ad36b8e9f95ba1at_005.55169158154499964297_005.04615614419590041706
5.35774501720011,4.34251906853358,,ais,20110,17175,True,False,9999.99,7ad36b8e9f95ba1at,MEDIUM,,,,,7ad36b8e9f95ba1at_005.35774501720011020467_004.34251906853357994009
6.26320841933135,3.32914729291056,166.92039140941932,ais,10116,5941,True,False,9999.99,7ad36b8e9f95ba1at,MEDIUM,,,,,7ad36b8e9f95ba1at_006.26320841933134975221_003.32914729291056010752
6.36742109741279,3.43945262707162,16.315761392456004,ais,8963,7160,True,False,5.9527819106233855,7ad36b8e9f95ba1at,MEDIUM,,,,,7ad36b8e9f95ba1at_006.36742109741279005419_003.43945262707162013882
6.31246252190308,3.19974781904885,198.04815671802237,ais,9572,4509,True,False,9.893465463367917,7ad36b8e9f95ba1at,MEDIUM,,,,,7ad36b8e9f95ba1at_006.31246252190307988172_003.19974781904884997275
6.29240955046899,3.16032743395332,175.44545459869823,ais,9794,4073,True,False,9999.99,7ad36b8e9f95ba1at,MEDIUM,,,,,7ad36b8e9f95ba1at_006.29240955046898964298_003.16032743395332005321
6.00422104826378,3.31418848865729,50.4353170511931,ais,12979,5777,True,False,9999.99,7ad36b8e9f95ba1at,MEDIUM,,,,,7ad36b8e9f95ba1at_006.00422104826377989184_003.31418848865728987718
5.73492012515421,4.96757450565086,38.27332777327143,ais,15919,24089,True,False,8.883267374000079,7ad36b8e9f95ba1at,MEDIUM,,,,,7ad36b8e9f95ba1at_005.73492012515421034635_004.96757450565085978411
5.43178087511105,3.26956954620401,46.76112523801578,ais,19307,5286,True,False,9999.99,7ad36b8e9f95ba1at,MEDIUM,,,,,7ad36b8e9f95ba1at_005.43178087511105012197_003.26956954620401019085
6.29118226904372,3.21488243571623,167.84528151231916,ais,9807,4677,True,False,9999.99,7ad36b8e9f95ba1at,MEDIUM,,,,,7ad36b8e9f95ba1at_006.29118226904371979913_003.21488243571623000250
6.33685433103671,3.36803929960543,125.630551203875,ais,9301,6370,True,False,6.782303980048275,7ad36b8e9f95ba1at,MEDIUM,,,,,7ad36b8e9f95ba1at_006.33685433103670980870_003.36803929960542980382
6.37881766019862,3.85721341131128,55.62602059130831,ais,8831,11780,True,False,6.228689973547456,7ad36b8e9f95ba1at,MEDIUM,,,,,7ad36b8e9f95ba1at_006.37881766019861995431_003.85721341131127992696
6.315927794984,3.17062117011233,176.9256521885953,ais,9534,4187,True,False,9.306490434072693,7ad36b8e9f95ba1at,MEDIUM,,,,,7ad36b8e9f95ba1at_006.31592779498399981009_003.17062117011233013386
5.5175866909711,4.86853588838963,49.34071210787429,ais,18327,23000,True,False,9999.99,7ad36b8e9f95ba1at,MEDIUM,,,,,7ad36b8e9f95ba1at_005.51758669097110043822_004.86853588838962991758
6.33469959924339,3.40163320808412,97.77072877468184,ais,9325,6742,True,False,6.9483671760723915,7ad36b8e9f95ba1at,MEDIUM,,,,,7ad36b8e9f95ba1at_006.33469959924338965607_003.40163320808412006357
6.3502732760786,3.3787768166438,160.6659392203083,ais,9153,6489,True,False,5.205776830532581,7ad36b8e9f95ba1at,MEDIUM,,,,,7ad36b8e9f95ba1at_006.35027327607859959357_003.37877681664379991844
6.25539684650989,3.18931460234184,162.59863888453634,ais,10203,4394,True,False,9999.99,7ad36b8e9f95ba1at,MEDIUM,,,,,7ad36b8e9f95ba1at_006.25539684650988991876_003.18931460234183994373
5.57028016909264,5.1046097004257,45.39788235981111,ais,17735,25614,True,False,6.639380872972061,7ad36b8e9f95ba1at,MEDIUM,,,,,7ad36b8e9f95ba1at_005.57028016909263978818_005.10460970042569961436
6.33775003001795,3.33333546209982,117.45989379933916,ais,9292,5987,True,False,6.904326425877833,7ad36b8e9f95ba1at,MEDIUM,,,,,7ad36b8e9f95ba1at_006.33775003001794967616_003.33333546209982012343
5.42984269566222,4.95805115921593,240.1687969187416,ais,19294,23995,True,False,9999.99,7ad36b8e9f95ba1at,MEDIUM,,,,,7ad36b8e9f95ba1at_005.42984269566222010894_004.95805115921593042572
6.27255098987027,3.20259265648014,178.49986333368048,ais,10013,4541,True,False,9999.99,7ad36b8e9f95ba1at,MEDIUM,,,,,7ad36b8e9f95ba1at_006.27255098987027004398_003.20259265648014013195
6.26607984484713,3.19654944629737,199.25364055729264,ais,10085,4474,True,False,9999.99,7ad36b8e9f95ba1at,MEDIUM,,,,,7ad36b8e9f95ba1at_006.26607984484713043116_003.19654944629736981199
6.32181705293155,3.41435764261364,229.61304381440644,ais,9467,6883,True,False,8.649227021091141,7ad36b8e9f95ba1at,MEDIUM,,,,,7ad36b8e9f95ba1at_006.32181705293155005165_003.41435764261363994265
6.33607985564238,3.39494531269303,144.75244187315002,ais,9310,6668,True,False,6.7171978117951445,7ad36b8e9f95ba1at,MEDIUM,,,,,7ad36b8e9f95ba1at_006.33607985564237985443_003.39494531269303001508
5.51803985459118,4.9691557326535,56.06938899187045,ais,18318,24115,True,False,9999.99,7ad36b8e9f95ba1at,MEDIUM,,,,,7ad36b8e9f95ba1at_005.51803985459117996015_004.96915573265350030141
6.2608759415724,3.2248767500235,186.67471229265325,ais,10142,4787,True,False,9999.99,7ad36b8e9f95ba1at,MEDIUM,,,,,7ad36b8e9f95ba1at_006.26087594157240001636_003.22487675002349982734
5.52434672277734,4.89955581232333,62.25506205628235,ais,18251,23343,True,False,9999.99,7ad36b8e9f95ba1at,MEDIUM,,,,,7ad36b8e9f95ba1at_005.52434672277733973544_004.89955581232332981756
5.81197224253301,3.5438797404787,98.8749250848625,ais,15102,8321,True,False,9999.99,7ad36b8e9f95ba1at,MEDIUM,,,,,7ad36b8e9f95ba1at_005.81197224253300959163_003.54387974047870013550
6.2974634467349,3.331562701074,151.0201048458086,ais,9737,5967,True,False,9999.99,7ad36b8e9f95ba1at,MEDIUM,,,,,7ad36b8e9f95ba1at_006.29746344673490021648_003.33156270107400009906
6.33027203880166,3.44588748309536,130.6225418702583,ais,9374,7231,True,False,9.376910482585648,7ad36b8e9f95ba1at,MEDIUM,,,,,7ad36b8e9f95ba1at_006.33027203880165956207_003.44588748309536008207
6.36182338536562,3.400221599752,94.3265948355318,ais,9025,6726,True,False,3.9742449782470395,7ad36b8e9f95ba1at,MEDIUM,,,,,7ad36b8e9f95ba1at_006.36182338536561964304_003.40022159975199977922
6.32206275518814,3.17813860784014,188.55492293050548,ais,9466,4270,True,False,8.706332856456642,7ad36b8e9f95ba1at,MEDIUM,,,,,7ad36b8e9f95ba1at_006.32206275518814031500_003.17813860784014012850
6.3626836802133,3.31867852626281,109.96308337196226,ais,9016,5824,True,False,4.586571404209434,7ad36b8e9f95ba1at,MEDIUM,,,,,7ad36b8e9f95ba1at_006.36268368021330044115_003.31867852626281001349
6.29466501607679,3.17904424976962,191.9028463186456,ais,9769,4280,True,False,9999.99,7ad36b8e9f95ba1at,MEDIUM,,,,,7ad36b8e9f95ba1at_006.29466501607678985408_003.17904424976961985649
6.27638289574177,3.19575783663268,184.22697769773504,ais,9971,4465,True,False,9999.99,7ad36b8e9f95ba1at,MEDIUM,,,,,7ad36b8e9f95ba1at_006.27638289574177044017_003.19575783663267998236
5.78458609546174,4.9027296305417,38.76914012897825,ais,15373,23369,True,False,9999.99,7ad36b8e9f95ba1at,MEDIUM,,,,,7ad36b8e9f95ba1at_005.78458609546173985194_004.90272963054169963470
6.31816061114434,3.34948322526683,102.89787096318192,ais,9508,6165,True,False,9.05849993171389,7ad36b8e9f95ba1at,MEDIUM,,,,,7ad36b8e9f95ba1at_006.31816061114434024404_003.34948322526682984446
5.6692957782636,4.55752721796888,48.95971406843461,ais,16659,19549,True,False,9999.99,7ad36b8e9f95ba1at,MEDIUM,,,,,7ad36b8e9f95ba1at_005.66929577826360020509_004.55752721796887971806
5.53121940032518,5.01167827484392,34.36702772467895,ais,18171,24586,True,False,9999.99,7ad36b8e9f95ba1at,MEDIUM,,,,,7ad36b8e9f95ba1at_005.53121940032518022434_005.01167827484391992243
6.28813444080782,3.20063247152633,195.9226895234752,ais,9841,4519,True,False,9999.99,7ad36b8e9f95ba1at,MEDIUM,,,,,7ad36b8e9f95ba1at_006.28813444080781991374_003.20063247152633012504
6.22137393287685,3.1917542084327,36.476319402157145,ais,10579,4421,True,False,9999.99,7ad36b8e9f95ba1at,MEDIUM,,,,,7ad36b8e9f95ba1at_006.22137393287685025456_003.19175420843269996851
6.33778788864879,3.37597271402214,134.85361482219164,ais,9291,6458,True,False,6.6086367166748,7ad36b8e9f95ba1at,MEDIUM,,,,,7ad36b8e9f95ba1at_006.33778788864878972475_003.37597271402214005320
6.3463747106216,3.49216263967925,,ais,9195,7743,True,False,7.874719887612682,7ad36b8e9f95ba1at,MEDIUM,,,,,7ad36b8e9f95ba1at_006.34637471062159974622_003.49216263967925000244
5.31105126237561,4.46803804663249,203.72005437274225,ais,20623,18568,True,False,9999.99,7ad36b8e9f95ba1at,MEDIUM,,,,,7ad36b8e9f95ba1at_005.31105126237561009361_004.46803804663248982365
6.19056233213476,3.41583101508291,117.14,ais,10918,6900,True,False,9999.99,7ad36b8e9f95ba1at,MEDIUM,,,,,7ad36b8e9f95ba1at_006.19056233213475959332_003.41583101508290987169
5.9448187689479,4.07187643743256,35.39534923549142,ais,13625,14164,True,False,9999.99,7ad36b8e9f95ba1at,MEDIUM,,,,,7ad36b8e9f95ba1at_005.94481876894789973420_004.07187643743256000306
6.31489585061176,3.22342213135058,183.87147155153227,ais,9545,4771,True,False,9.586247548324929,7ad36b8e9f95ba1at,MEDIUM,,,,,7ad36b8e9f95ba1at_006.31489585061175962011_003.22342213135057997775
5.34683526466604,4.35935752248598,55.232932055938846,ais,20230,17362,True,False,9999.99,7ad36b8e9f95ba1at,MEDIUM,,,,,7ad36b8e9f95ba1at_005.34683526466603975535_004.35935752248597996328
6.24759592596257,3.20125926657601,176.3538560558835,ais,10289,4526,True,False,9999.99,7ad36b8e9f95ba1at,MEDIUM,,,,,7ad36b8e9f95ba1at_006.24759592596257018471_003.20125926657601000969
6.3279929918093,3.19898990511554,179.62421316562595,ais,9400,4501,True,False,8.186087256072755,7ad36b8e9f95ba1at,MEDIUM,,,,,7ad36b8e9f95ba1at_006.32799299180929963882_003.19898990511553993343
5.44513715297335,5.0132960671086,34.713380411552095,ais,19123,24607,True,False,9999.99,7ad36b8e9f95ba1at,MEDIUM,,,,,7ad36b8e9f95ba1at_005.44513715297335032517_005.01329606710859998486
5.45218286576742,5.01341913083476,26.794726731922506,ais,19045,24608,True,False,9999.99,7ad36b8e9f95ba1at,MEDIUM,,,,,7ad36b8e9f95ba1at_005.45218286576742006133_005.01341913083475976265
6.27208541210445,3.1761733259807,187.20442175545557,ais,10019,4249,True,False,9999.99,7ad36b8e9f95ba1at,MEDIUM,,,,,7ad36b8e9f95ba1at_006.27208541210444980862_003.17617332598070012395
6.31079595903899,3.42142922223015,32.5190165042,ais,9589,6961,True,False,9999.99,7ad36b8e9f95ba1at,MEDIUM,,,,,7ad36b8e9f95ba1at_006.31079595903899015497_003.42142922223015011340
6.29287196214803,3.29651888778897,126.06925350199744,ais,9788,5580,True,False,9999.99,7ad36b8e9f95ba1at,MEDIUM,,,,,7ad36b8e9f95ba1at_006.29287196214802957428_003.29651888778897017573
6.30454214912738,3.41771241044151,64.84819180433492,ais,9658,6920,True,False,9999.99,7ad36b8e9f95ba1at,MEDIUM,,,,,7ad36b8e9f95ba1at_006.30454214912738031273_003.41771241044150997368
5.49649392862996,5.0891717151785,173.96185990982644,ais,18552,25446,True,False,9.107010995712956,7ad36b8e9f95ba1at,MEDIUM,,,,,7ad36b8e9f95ba1at_005.49649392862995966880_005.08917171517849986628
5.50278441155055,4.93690390340968,56.177371271689054,ais,18488,23758,True,False,9999.99,7ad36b8e9f95ba1at,MEDIUM,,,,,7ad36b8e9f95ba1at_005.50278441155055020317_004.93690390340968043859
6.31178026796454,3.30751332809631,168.38320893852753,ais,9579,5701,True,False,9999.99,7ad36b8e9f95ba1at,MEDIUM,,,,,7ad36b8e9f95ba1at_006.31178026796454005876_003.30751332809630982368
5.7308866761574,4.51653309220367,201.5891778038514,ais,15979,19093,True,False,9999.99,7ad36b8e9f95ba1at,MEDIUM,,,,,7ad36b8e9f95ba1at_005.73088667615740021688_004.51653309220367038535
6.37017423332491,3.39116957157868,32.291122291343754,ais,8933,6626,True,False,2.936019841835546,7ad36b8e9f95ba1at,MEDIUM,,,,,7ad36b8e9f95ba1at_006.37017423332491006249_003.39116957157868004202
5.56373066894926,5.04186652469213,81.08913685142352,ais,17810,24919,True,False,9999.99,7ad36b8e9f95ba1at,MEDIUM,,,,,7ad36b8e9f95ba1at_005.56373066894926004977_005.04186652469213036909
5.47844340333475,4.97812376079607,44.89458940087543,ais,18756,24216,True,False,9999.99,7ad36b8e9f95ba1at,MEDIUM,,,,,7ad36b8e9f95ba1at_005.47844340333474999483_004.97812376079606977441
5.392424451064,4.39600512157872,56.43984140994999,ais,19725,17767,True,False,9999.99,7ad36b8e9f95ba1at,MEDIUM,,,,,7ad36b8e9f95ba1at_005.39242445106399959087_004.39600512157872014285
6.28245519683161,3.21297959769451,196.9880721625009,ais,9904,4656,True,False,9999.99,7ad36b8e9f95ba1at,MEDIUM,,,,,7ad36b8e9f95ba1at_006.28245519683161024460_003.21297959769451013656
6.28432883073609,3.1846266598952,164.11293478975418,ais,9883,4342,True,False,9999.99,7ad36b8e9f95ba1at,MEDIUM,,,,,7ad36b8e9f95ba1at_006.28432883073609005464_003.18462665989519999599
5.4647958865908,4.97403825684556,73.22528259383685,ais,18907,24171,True,False,9999.99,7ad36b8e9f95ba1at,MEDIUM,,,,,7ad36b8e9f95ba1at_005.46479588659080040003_004.97403825684556011311
5.54497285607428,5.0592331054272,56.15438322741571,ais,18017,25112,True,False,9999.99,7ad36b8e9f95ba1at,MEDIUM,,,,,7ad36b8e9f95ba1at_005.54497285607428036514_005.05923310542720017224
6.2856716094447,3.23825938599645,178.22357430400433,ais,9868,4935,True,False,9999.99,7ad36b8e9f95ba1at,MEDIUM,,,,,7ad36b8e9f95ba1at_006.28567160944469982553_003.23825938599645013483
6.29483708584669,3.23999044864149,180.56991722144284,ais,9767,4954,True,False,9999.99,7ad36b8e9f95ba1at,MEDIUM,,,,,7ad36b8e9f95ba1at_006.29483708584668999464_003.23999044864148988410
6.36613986238515,3.33583895869907,71.73590073561469,ais,8978,6014,True,False,3.754537558142848,7ad36b8e9f95ba1at,MEDIUM,,,,,7ad36b8e9f95ba1at_006.36613986238515039418_003.33583895869907021137
6.37380624612736,3.34182719579733,127.115527465878,ais,8893,6080,True,False,2.895725431452517,7ad36b8e9f95ba1at,MEDIUM,,,,,7ad36b8e9f95ba1at_006.37380624612736035317_003.34182719579732978588
5.71339667497958,4.50067837437712,50.08408302910952,ais,16173,18918,True,False,9999.99,7ad36b8e9f95ba1at,MEDIUM,,,,,7ad36b8e9f95ba1at_005.71339667497958014764_004.50067837437712015003
6.32734213269832,3.38422795239493,117.98364183034263,ais,9406,6549,True,False,7.692357238195154,7ad36b8e9f95ba1at,MEDIUM,,,,,7ad36b8e9f95ba1at_006.32734213269831968773_003.38422795239493012787
6.35773452541818,3.33355437366428,64.8746130241638,ais,9071,5989,True,False,4.698597306822914,7ad36b8e9f95ba1at,MEDIUM,,,,,7ad36b8e9f95ba1at_006.35773452541817984951_003.33355437366427986845
5.70452006618064,4.5021070429939,56.18864082887001,ais,16271,18934,True,False,9999.99,7ad36b8e9f95ba1at,MEDIUM,,,,,7ad36b8e9f95ba1at_005.70452006618064011434_004.50210704299389963268
5.52455717363425,5.02035784765295,30.299110889354843,ais,18244,24682,True,True,9999.99,7ad36b8e9f95ba1at,MEDIUM,,,,,7ad36b8e9f95ba1at_005.52455717363424980704_005.02035784765295023391
6.37439012033886,3.47125532977937,27.98975684409412,ais,8886,7512,True,True,4.941707748853802,7ad36b8e9f95ba1at,MEDIUM,,,,,7ad36b8e9f95ba1at_006.37439012033885976649_003.47125532977936979151
6.03704640515017,4.62655500422102,38.617200564408336,ais,12590,20302,True,True,9999.99,7ad36b8e9f95ba1at,MEDIUM,,,,,7ad36b8e9f95ba1at_006.03704640515017043612_004.62655500422101972902
5.3318630586763,5.0353918310505,30.837239850865387,ais,20375,24856,True,True,9999.99,7ad36b8e9f95ba1at,MEDIUM,,,,,7ad36b8e9f95ba1at_005.33186305867629961597_005.03539183105050014433
6.36417312071351,3.41405821215704,25.3682055913,ais,8999,6879,True,True,4.293545312884422,7ad36b8e9f95ba1at,MEDIUM,,,,,7ad36b8e9f95ba1at_006.36417312071351037872_003.41405821215704019522
5.71826042460201,4.90117314447131,28.7167614517926,ais,16106,23354,True,True,9999.99,7ad36b8e9f95ba1at,MEDIUM,,,,,7ad36b8e9f95ba1at_005.71826042460201033890_004.90117314447130958399
4.08718760115953,8.01592519874255,50.60764762897954,ais,5443,17743,True,False,9999.99,4bf6c82ef5130dabt,MEDIUM,,,,,4bf6c82ef5130dabt_004.08718760115953028134_008.01592519874255060586
4.0889902582912,8.01744714746493,67.90532164041922,ais,5423,17760,True,False,9999.99,4bf6c82ef5130dabt,MEDIUM,,,,,4bf6c82ef5130dabt_004.08899025829119988629_008.01744714746492981305
3.08898729249637,6.75558529917571,220.4781718657898,ais,16457,3721,True,False,9999.99,4bf6c82ef5130dabt,MEDIUM,,,,,4bf6c82ef5130dabt_003.08898729249637016281_006.75558529917570993462
3.87803791329504,6.98251093118504,38.02153533246362,ais,7735,6263,True,False,9999.99,4bf6c82ef5130dabt,MEDIUM,,,,,4bf6c82ef5130dabt_003.87803791329503999563_006.98251093118503973756
4.13901049644813,7.49942696588953,30.82129479308889,ais,4861,12010,True,False,9999.99,4bf6c82ef5130dabt,MEDIUM,,,,,4bf6c82ef5130dabt_004.13901049644812957240_007.49942696588952983916
4.20723879621336,6.99340221305889,91.24086398496048,ais,4094,6393,True,False,9999.99,4bf6c82ef5130dabt,MEDIUM,,,,,4bf6c82ef5130dabt_004.20723879621336038781_006.99340221305889020442
4.10187773039929,8.05804977146443,77.84068101447596,ais,5281,18211,True,False,9999.99,4bf6c82ef5130dabt,MEDIUM,,,,,4bf6c82ef5130dabt_004.10187773039929037822_008.05804977146443057734
4.22896043024778,7.78249451071136,41.70818685541864,ais,3872,15154,True,False,9999.99,4bf6c82ef5130dabt,MEDIUM,,,,,4bf6c82ef5130dabt_004.22896043024778034436_007.78249451071136011393
3.79805658926855,8.05983035929621,82.57757535071372,ais,8640,18227,True,False,9999.99,4bf6c82ef5130dabt,MEDIUM,,,,,4bf6c82ef5130dabt_003.79805658926854983193_008.05983035929621038918
4.3543208023933,7.35496256094912,61.77241980386141,ais,2477,10411,True,False,7.6285149235029515,4bf6c82ef5130dabt,MEDIUM,,,,,4bf6c82ef5130dabt_004.35432080239329977189_007.35496256094911959877
3.57267761407794,7.40081417276382,76.3242358056277,ais,11121,10903,True,False,9999.99,4bf6c82ef5130dabt,MEDIUM,,,,,4bf6c82ef5130dabt_003.57267761407794015582_007.40081417276381969828
3.46004655268514,6.71065734615332,126.06925350199744,ais,12351,3231,True,False,9999.99,4bf6c82ef5130dabt,MEDIUM,,,,,4bf6c82ef5130dabt_003.46004655268514005328_006.71065734615331965784
4.21877059029396,7.40462051561316,82.56058961408002,ais,3977,10959,True,False,9999.99,4bf6c82ef5130dabt,MEDIUM,,,,,4bf6c82ef5130dabt_004.21877059029395962142_007.40462051561315970361
4.20968479541386,8.40222239715317,51.82420841663103,ais,4093,22032,True,False,9999.99,4bf6c82ef5130dabt,MEDIUM,,,,,4bf6c82ef5130dabt_004.20968479541386031428_008.40222239715317087416
4.12321641545653,7.51523602240981,69.61888803619881,ais,5036,12185,True,False,9999.99,4bf6c82ef5130dabt,MEDIUM,,,,,4bf6c82ef5130dabt_004.12321641545652983751_007.51523602240980981293
4.30111817204774,7.66794870327736,73.11175222158155,ais,3072,13884,True,False,9999.99,4bf6c82ef5130dabt,MEDIUM,,,,,4bf6c82ef5130dabt_004.30111817204774027346_007.66794870327735988980
4.25118135957331,7.1335090485452,33.33928902396111,ais,3612,7950,True,False,9999.99,4bf6c82ef5130dabt,MEDIUM,,,,,4bf6c82ef5130dabt_004.25118135957330967045_007.13350904854519995979
4.34620535293946,7.09626514559359,36.71460957440193,ais,2560,7539,True,False,5.947729548650131,4bf6c82ef5130dabt,MEDIUM,,,,,4bf6c82ef5130dabt_004.34620535293946019806_007.09626514559359033996
3.8529180708672,8.07278324033649,83.48692733933436,ais,8034,18371,True,False,9999.99,4bf6c82ef5130dabt,MEDIUM,,,,,4bf6c82ef5130dabt_003.85291807086719995112_008.07278324033648964075
3.98610380618886,7.31961979760762,41.465106599877785,ais,6548,10010,True,False,9999.99,4bf6c82ef5130dabt,MEDIUM,,,,,4bf6c82ef5130dabt_003.98610380618886006587_007.31961979760762027070
4.22557894670554,7.41613734219874,42.44695107245455,ais,3902,11087,True,False,9999.99,4bf6c82ef5130dabt,MEDIUM,,,,,4bf6c82ef5130dabt_004.22557894670554023975_007.41613734219874043418
3.97226439446462,7.79749340555373,28.827790719385572,ais,6710,15316,True,False,9999.99,4bf6c82ef5130dabt,MEDIUM,,,,,4bf6c82ef5130dabt_003.97226439446462009641_007.79749340555373038342
4.00246119563287,7.32345854184301,61.68383787092844,ais,6367,10053,True,False,9999.99,4bf6c82ef5130dabt,MEDIUM,,,,,4bf6c82ef5130dabt_004.00246119563287017229_007.32345854184301003897
4.20765471616512,8.06660052355127,263.4082890415055,ais,4112,18307,True,False,9999.99,4bf6c82ef5130dabt,MEDIUM,,,,,4bf6c82ef5130dabt_004.20765471616511987918_008.06660052355126921952
4.22329990305987,7.01353492447402,43.4946607228863,ais,3917,6617,True,False,9999.99,4bf6c82ef5130dabt,MEDIUM,,,,,4bf6c82ef5130dabt_004.22329990305987035271_007.01353492447401993815
4.29817094205181,7.08331606777517,45.709991689436656,ais,3091,7394,True,False,9999.99,4bf6c82ef5130dabt,MEDIUM,,,,,4bf6c82ef5130dabt_004.29817094205180971755_007.08331606777517031048
4.13569453990132,6.74597949449334,39.986431556043954,ais,4878,3643,True,False,9999.99,4bf6c82ef5130dabt,MEDIUM,,,,,4bf6c82ef5130dabt_004.13569453990132007704_006.74597949449333977867
3.97680280248466,7.56421558401555,183.0,ais,6656,12726,True,False,9999.99,4bf6c82ef5130dabt,MEDIUM,,,,,4bf6c82ef5130dabt_003.97680280248465978232_007.56421558401554960938
3.964561182006,7.76947512992529,43.53374327391608,ais,6795,15005,True,False,9999.99,4bf6c82ef5130dabt,MEDIUM,,,,,4bf6c82ef5130dabt_003.96456118200599982870_007.76947512992528999121
3.07730976509814,6.79560076112822,27.081380103475237,ais,16587,4166,True,False,9999.99,4bf6c82ef5130dabt,MEDIUM,,,,,4bf6c82ef5130dabt_003.07730976509814002640_006.79560076112822031291
4.19195412547556,8.40241609840002,46.74702824004787,ais,4289,22034,True,False,9999.99,4bf6c82ef5130dabt,MEDIUM,,,,,4bf6c82ef5130dabt_004.19195412547555967819_008.40241609840001935083
4.12119412110931,7.69852847090564,43.87020031692801,ais,5062,14220,True,False,9999.99,4bf6c82ef5130dabt,MEDIUM,,,,,4bf6c82ef5130dabt_004.12119412110931016002_007.69852847090564029742
4.35168769527854,7.34218206013586,73.22528259383685,ais,2506,10269,True,False,7.141252274148374,4bf6c82ef5130dabt,MEDIUM,,,,,4bf6c82ef5130dabt_004.35168769527853971368_007.34218206013586005554
3.57951345406513,7.40690823947977,57.50895763939287,ais,11046,10971,True,False,9999.99,4bf6c82ef5130dabt,MEDIUM,,,,,4bf6c82ef5130dabt_003.57951345406512988490_007.40690823947976983987
4.27062923081487,7.33505506863356,34.631733040608324,ais,3402,10188,True,False,9999.99,4bf6c82ef5130dabt,MEDIUM,,,,,4bf6c82ef5130dabt_004.27062923081486989219_007.33505506863355982716
4.08934223072611,7.63515205230734,44.48547613597468,ais,5413,13516,True,False,9999.99,4bf6c82ef5130dabt,MEDIUM,,,,,4bf6c82ef5130dabt_004.08934223072610958383_007.63515205230734039787
4.11218435968923,7.61207288163261,77.48343418686314,ais,5160,13260,True,False,9999.99,4bf6c82ef5130dabt,MEDIUM,,,,,4bf6c82ef5130dabt_004.11218435968922957358_007.61207288163260997749
3.57380111830074,7.39357378604175,67.48860898615385,ais,11109,10823,True,False,9999.99,4bf6c82ef5130dabt,MEDIUM,,,,,4bf6c82ef5130dabt_003.57380111830073987633_007.39357378604174986236
3.9720385480487,7.29596693613131,38.25227288072818,ais,6703,9747,True,False,9999.99,4bf6c82ef5130dabt,MEDIUM,,,,,4bf6c82ef5130dabt_003.97203854804870015727_007.29596693613131019873
4.10351707329681,7.52996111837464,56.60336167388064,ais,5254,12348,True,False,9999.99,4bf6c82ef5130dabt,MEDIUM,,,,,4bf6c82ef5130dabt_004.10351707329680959191_007.52996111837463999450
4.2841583028741,7.39890354371853,41.10432213294899,ais,3254,10897,True,False,9999.99,4bf6c82ef5130dabt,MEDIUM,,,,,4bf6c82ef5130dabt_004.28415830287409971078_007.39890354371853042892
3.97561749680585,7.78827248241402,66.1285605171018,ais,6673,15214,True,False,9999.99,4bf6c82ef5130dabt,MEDIUM,,,,,4bf6c82ef5130dabt_003.97561749680584997080_007.78827248241401992601
3.84867309964184,8.10346393729855,84.72765998583228,ais,8081,18712,True,False,9999.99,4bf6c82ef5130dabt,MEDIUM,,,,,4bf6c82ef5130dabt_003.84867309964183990090_008.10346393729854952426
3.99051328959331,7.29066954564469,38.259845936612,ais,6499,9689,True,False,9999.99,4bf6c82ef5130dabt,MEDIUM,,,,,4bf6c82ef5130dabt_003.99051328959331019774_007.29066954564468971967
4.15915342641706,8.05321601969507,45.0413159086826,ais,4648,18158,True,False,9999.99,4bf6c82ef5130dabt,MEDIUM,,,,,4bf6c82ef5130dabt_004.15915342641705976234_008.05321601969506950525
4.05096596478498,7.6723419964458,54.80829953226305,ais,5838,13928,True,False,9999.99,4bf6c82ef5130dabt,MEDIUM,,,,,4bf6c82ef5130dabt_004.05096596478497961158_007.67234199644579994981
4.05239299919119,7.66557449698786,37.47632022143535,ais,5822,13853,True,False,9999.99,4bf6c82ef5130dabt,MEDIUM,,,,,4bf6c82ef5130dabt_004.05239299919118955984_007.66557449698786008696
4.14805244987797,7.2318164688731,22.72463087638947,ais,4755,9039,True,False,9999.99,4bf6c82ef5130dabt,MEDIUM,,,,,4bf6c82ef5130dabt_004.14805244987797028244_007.23181646887309970140
4.15347599021124,7.22541427719241,79.32605203781957,ais,4695,8968,True,False,9999.99,4bf6c82ef5130dabt,MEDIUM,,,,,4bf6c82ef5130dabt_004.15347599021124036511_007.22541427719241013961
4.09700702716091,7.16701216286889,26.5283721634413,ais,5318,8318,True,False,9999.99,4bf6c82ef5130dabt,MEDIUM,,,,,4bf6c82ef5130dabt_004.09700702716090958688_007.16701216286888964646
4.1249100223742,7.50594729592522,78.3010413361,ais,5017,12082,True,False,9999.99,4bf6c82ef5130dabt,MEDIUM,,,,,4bf6c82ef5130dabt_004.12491002237420012477_007.50594729592522025285
4.25424570377002,8.16717012177016,54.58584218476904,ais,3598,19424,True,False,9999.99,4bf6c82ef5130dabt,MEDIUM,,,,,4bf6c82ef5130dabt_004.25424570377002009280_008.16717012177016066232
4.06313644138947,6.93625359496572,145.8435547265827,ais,5686,5754,True,False,9999.99,4bf6c82ef5130dabt,MEDIUM,,,,,4bf6c82ef5130dabt_004.06313644138946994389_006.93625359496572002627
4.23167770494878,7.38900341529367,22.0,ais,3834,10786,True,False,9999.99,4bf6c82ef5130dabt,MEDIUM,,,,,4bf6c82ef5130dabt_004.23167770494877970577_007.38900341529367032933
4.22316303351797,8.00256171566493,36.5068499572,ais,3940,17597,True,False,9999.99,4bf6c82ef5130dabt,MEDIUM,,,,,4bf6c82ef5130dabt_004.22316303351797017740_008.00256171566493001990
4.26699138223375,7.75288376484764,80.37391206141749,ais,3451,14826,True,False,9999.99,4bf6c82ef5130dabt,MEDIUM,,,,,4bf6c82ef5130dabt_004.26699138223375040724_007.75288376484764008012
4.01854038292203,7.49002332228683,79.514978957456,ais,6193,11903,True,False,9999.99,4bf6c82ef5130dabt,MEDIUM,,,,,4bf6c82ef5130dabt_004.01854038292202986327_007.49002332228682998760
4.30196499079407,7.65937209240731,33.67153572043887,ais,3063,13789,True,False,9999.99,4bf6c82ef5130dabt,MEDIUM,,,,,4bf6c82ef5130dabt_004.30196499079406979860_007.65937209240730965121
4.35016267226163,7.57759188276405,49.18635416811724,ais,2528,12882,True,False,9.892392777854674,4bf6c82ef5130dabt,MEDIUM,,,,,4bf6c82ef5130dabt_004.35016267226162955950_007.57759188276405026841
4.36497781363613,7.35278622835128,47.60054821123043,ais,2359,10387,True,False,6.549718432818934,4bf6c82ef5130dabt,MEDIUM,,,,,4bf6c82ef5130dabt_004.36497781363612968875_007.35278622835128015112
4.28877421236523,7.74383885511623,49.833222307815,ais,3210,14726,True,False,9999.99,4bf6c82ef5130dabt,MEDIUM,,,,,4bf6c82ef5130dabt_004.28877421236523037607_007.74383885511622960252
4.41607226902155,7.34924149685035,35.39036452097921,ais,1794,10349,True,False,2.492091330071331,4bf6c82ef5130dabt,MEDIUM,,,,,4bf6c82ef5130dabt_004.41607226902154970105_007.34924149685035033031
4.15473177276531,6.88989562975958,38.439860899175,ais,4672,5242,True,False,9999.99,4bf6c82ef5130dabt,MEDIUM,,,,,4bf6c82ef5130dabt_004.15473177276531036028_006.88989562975957969826
4.3874447744296,7.33326815823163,58.61094090906902,ais,2110,10171,True,False,3.2543384391993055,4bf6c82ef5130dabt,MEDIUM,,,,,4bf6c82ef5130dabt_004.38744477442959990299_007.33326815823162991848
3.13229279439462,6.72816133769072,44.65733459318627,ais,15977,3417,True,False,9999.99,4bf6c82ef5130dabt,MEDIUM,,,,,4bf6c82ef5130dabt_003.13229279439461993917_006.72816133769071988979
4.24113380860386,8.02954142547443,85.5001835886903,ais,3741,17896,True,False,9999.99,4bf6c82ef5130dabt,MEDIUM,,,,,4bf6c82ef5130dabt_004.24113380860385991156_008.02954142547443083799
4.3741689076806,7.10585121456145,75.70541278129998,ais,2251,7646,True,False,3.4348460750252543,4bf6c82ef5130dabt,MEDIUM,,,,,4bf6c82ef5130dabt_004.37416890768060007133_007.10585121456144985785
3.36300536125442,6.76144115867381,43.09011622448696,ais,13426,3793,True,False,9999.99,4bf6c82ef5130dabt,MEDIUM,,,,,4bf6c82ef5130dabt_003.36300536125441995594_006.76144115867380968155
4.3307073035787,7.34581480188973,58.0085062766844,ais,2738,10309,True,False,9.41988362265169,4bf6c82ef5130dabt,MEDIUM,,,,,4bf6c82ef5130dabt_004.33070730357870026239_007.34581480188972957279
4.21844570084122,7.77441285215029,77.54631838996798,ais,3988,15064,True,False,9999.99,4bf6c82ef5130dabt,MEDIUM,,,,,4bf6c82ef5130dabt_004.21844570084121972542_007.77441285215028976552
4.29522634410383,6.83196970782871,119.44661619220092,ais,3116,4603,True,False,6.252968675120818,4bf6c82ef5130dabt,MEDIUM,,,,,4bf6c82ef5130dabt_004.29522634410383030712_006.83196970782871026984
4.03828329157304,7.51307369268013,53.324537221241535,ais,5975,12159,True,False,9999.99,4bf6c82ef5130dabt,MEDIUM,,,,,4bf6c82ef5130dabt_004.03828329157304022345_007.51307369268012958941
4.03983264010485,7.50575234939385,53.41950086339375,ais,5958,12078,True,False,9999.99,4bf6c82ef5130dabt,MEDIUM,,,,,4bf6c82ef5130dabt_004.03983264010484965922_007.50575234939385005362
4.12027636874219,7.48164765764635,28.532482265700924,ais,5068,11812,True,False,9999.99,4bf6c82ef5130dabt,MEDIUM,,,,,4bf6c82ef5130dabt_004.12027636874219016505_007.48164765764635042444
4.03302801111439,7.50414317507928,36.534216771461104,ais,6033,12060,True,False,9999.99,4bf6c82ef5130dabt,MEDIUM,,,,,4bf6c82ef5130dabt_004.03302801111439013226_007.50414317507927997042
3.2020014120146,6.81831917173324,38.02959836367867,ais,15208,4421,True,False,9999.99,4bf6c82ef5130dabt,MEDIUM,,,,,4bf6c82ef5130dabt_003.20200141201459986817_006.81831917173323986958
4.22892688187297,7.42695672935245,39.35441051425581,ais,3865,11207,True,False,9999.99,4bf6c82ef5130dabt,MEDIUM,,,,,4bf6c82ef5130dabt_004.22892688187296972302_007.42695672935245010393
4.03308615259884,7.52279650724771,130.98455351625222,ais,6033,12267,True,False,9999.99,4bf6c82ef5130dabt,MEDIUM,,,,,4bf6c82ef5130dabt_004.03308615259884017945_007.52279650724771009607
4.00138517395343,7.77725607813395,37.19968359132832,ais,6388,15092,True,False,9999.99,4bf6c82ef5130dabt,MEDIUM,,,,,4bf6c82ef5130dabt_004.00138517395343029648_007.77725607813395036771
3.14097372847191,6.82312644016915,49.744744505231246,ais,15884,4473,True,False,9999.99,4bf6c82ef5130dabt,MEDIUM,,,,,4bf6c82ef5130dabt_003.14097372847191014245_006.82312644016915026413
4.35767185283677,7.35729760238883,51.307234457656,ais,2440,10437,True,False,7.492914627823175,4bf6c82ef5130dabt,MEDIUM,,,,,4bf6c82ef5130dabt_004.35767185283676994345_007.35729760238883034873
4.11875247369325,8.25181893458789,66.09470874698255,ais,5097,20362,True,False,9999.99,4bf6c82ef5130dabt,MEDIUM,,,,,4bf6c82ef5130dabt_004.11875247369324970492_008.25181893458788984219
4.26822301880243,7.04377112596781,36.33084199939745,ais,3421,6954,True,False,9999.99,4bf6c82ef5130dabt,MEDIUM,,,,,4bf6c82ef5130dabt_004.26822301880242971350_007.04377112596780996512
4.13926827445489,8.46398290481078,31.9588034647125,ais,4872,22717,True,False,9999.99,4bf6c82ef5130dabt,MEDIUM,,,,,4bf6c82ef5130dabt_004.13926827445489031732_008.46398290481078063863
4.13974594195779,7.5487934813497,45.40728906309788,ais,4854,12558,True,False,9999.99,4bf6c82ef5130dabt,MEDIUM,,,,,4bf6c82ef5130dabt_004.13974594195779044270_007.54879348134970040718
3.85247919808264,8.11137847594709,53.28902409935371,ais,8039,18800,True,False,9999.99,4bf6c82ef5130dabt,MEDIUM,,,,,4bf6c82ef5130dabt_003.85247919808263983299_008.11137847594708993881
4.28792232863405,7.66816031457521,71.68980780904589,ais,3218,13886,True,False,9999.99,4bf6c82ef5130dabt,MEDIUM,,,,,4bf6c82ef5130dabt_004.28792232863404976229_007.66816031457520974612
3.79272534639804,8.08101966213041,73.17978744331833,ais,8699,18462,True,False,9999.99,4bf6c82ef5130dabt,MEDIUM,,,,,4bf6c82ef5130dabt_003.79272534639803993173_008.08101966213041045251
4.10209558768476,8.17421013185244,47.74835652708235,ais,5280,19500,True,False,9999.99,4bf6c82ef5130dabt,MEDIUM,,,,,4bf6c82ef5130dabt_004.10209558768475979207_008.17421013185244049737
4.10021003900405,8.17256761875877,78.76061189232172,ais,5301,19482,True,False,9999.99,4bf6c82ef5130dabt,MEDIUM,,,,,4bf6c82ef5130dabt_004.10021003900405034415_008.17256761875876946988
3.97834713809774,7.81811885244954,52.967378924055005,ais,6643,15545,True,False,9999.99,4bf6c82ef5130dabt,MEDIUM,,,,,4bf6c82ef5130dabt_003.97834713809774020987_007.81811885244954041241
4.10758654708535,8.29849027916433,44.46490165034204,ais,5221,20880,True,False,9999.99,4bf6c82ef5130dabt,MEDIUM,,,,,4bf6c82ef5130dabt_004.10758654708534987066_008.29849027916433001906
3.11695379208906,6.81820003275819,97.83884321729082,ais,16149,4418,True,False,9999.99,4bf6c82ef5130dabt,MEDIUM,,,,,4bf6c82ef5130dabt_003.11695379208906020452_006.81820003275818997679
3.83604408241751,6.97857410683941,44.19076193015616,ais,8199,6218,True,False,9999.99,4bf6c82ef5130dabt,MEDIUM,,,,,4bf6c82ef5130dabt_003.83604408241750993724_006.97857410683941026264
4.22157339356897,8.33545529344128,91.30999193559605,ais,3961,21291,True,False,9999.99,4bf6c82ef5130dabt,MEDIUM,,,,,4bf6c82ef5130dabt_004.22157339356896965654_008.33545529344127977822
4.14705876705598,8.47974481036916,37.84694685545168,ais,4786,22892,True,False,9999.99,4bf6c82ef5130dabt,MEDIUM,,,,,4bf6c82ef5130dabt_004.14705876705597997756_008.47974481036916039045
3.13844576832677,6.84494886531431,59.37853381101062,ais,15912,4716,True,False,9999.99,4bf6c82ef5130dabt,MEDIUM,,,,,4bf6c82ef5130dabt_003.13844576832677013556_006.84494886531430957177
4.13523827243906,6.90623630870568,66.02760351200257,ais,4888,5423,True,False,9999.99,4bf6c82ef5130dabt,MEDIUM,,,,,4bf6c82ef5130dabt_004.13523827243905994777_006.90623630870568039342
3.36236840537853,6.75360103327554,71.69287025686165,ais,13433,3706,True,False,9999.99,4bf6c82ef5130dabt,MEDIUM,,,,,4bf6c82ef5130dabt_003.36236840537852987865_006.75360103327554028851
4.02721076342623,7.53304013373106,58.206124765967495,ais,6098,12381,True,False,9999.99,4bf6c82ef5130dabt,MEDIUM,,,,,4bf6c82ef5130dabt_004.02721076342622996691_007.53304013373105973983
4.15451511945045,7.96782511895522,53.23664531432259,ais,4698,17210,True,False,9999.99,4bf6c82ef5130dabt,MEDIUM,,,,,4bf6c82ef5130dabt_004.15451511945045037777_007.96782511895522027601
4.24288032263851,7.3863648531542,122.81,ais,3710,10757,True,False,9999.99,4bf6c82ef5130dabt,MEDIUM,,,,,4bf6c82ef5130dabt_004.24288032263851011550_007.38636485315420010522
4.09920015369917,8.24905328590308,47.00081648622693,ais,5313,20331,True,False,9999.99,4bf6c82ef5130dabt,MEDIUM,,,,,4bf6c82ef5130dabt_004.09920015369916956871_008.24905328590308073444
4.22193232682766,7.8054683972955,47.87179481742817,ais,3950,15409,True,False,9999.99,4bf6c82ef5130dabt,MEDIUM,,,,,4bf6c82ef5130dabt_004.22193232682765984265_007.80546839729549990494
3.08362556246898,6.74780519524073,62.44114704368285,ais,16516,3635,True,False,9999.99,4bf6c82ef5130dabt,MEDIUM,,,,,4bf6c82ef5130dabt_003.08362556246897989709_006.74780519524072985860
4.28136795494589,7.7440211233948,76.5691716972559,ais,3292,14728,True,False,9999.99,4bf6c82ef5130dabt,MEDIUM,,,,,4bf6c82ef5130dabt_004.28136795494588984212_007.74402112339480019898
4.13039427495188,7.23759016530622,210.15371855261887,ais,4951,9103,True,False,9999.99,4bf6c82ef5130dabt,MEDIUM,,,,,4bf6c82ef5130dabt_004.13039427495187982942_007.23759016530622023566
4.11202700510286,7.63640875639643,68.81368128842726,ais,5162,13530,True,False,9999.99,4bf6c82ef5130dabt,MEDIUM,,,,,4bf6c82ef5130dabt_004.11202700510285978908_007.63640875639643024186
4.11516230895374,8.11325618200939,66.49478039822641,ais,5135,18824,True,False,9999.99,4bf6c82ef5130dabt,MEDIUM,,,,,4bf6c82ef5130dabt_004.11516230895373968934_008.11325618200939047142
4.02351096334557,7.74821268837847,48.286552354725,ais,6143,14770,True,False,9999.99,4bf6c82ef5130dabt,MEDIUM,,,,,4bf6c82ef5130dabt_004.02351096334557034595_007.74821268837847032529
3.12859395391311,6.81944327221056,46.84074767065227,ais,16020,4432,True,False,9999.99,4bf6c82ef5130dabt,MEDIUM,,,,,4bf6c82ef5130dabt_003.12859395391310979306_006.81944327221055957011
4.08192211797347,7.17390700838376,34.45593574679389,ais,5485,8394,True,False,9999.99,4bf6c82ef5130dabt,MEDIUM,,,,,4bf6c82ef5130dabt_004.08192211797346971025_007.17390700838376016435
4.13305158013422,7.51614984790272,54.37213297949474,ais,4927,12196,True,False,9999.99,4bf6c82ef5130dabt,MEDIUM,,,,,4bf6c82ef5130dabt_004.13305158013421980456_007.51614984790272000481
4.19593624915412,7.21353462900836,34.54520081946836,ais,4225,8837,True,False,9999.99,4bf6c82ef5130dabt,MEDIUM,,,,,4bf6c82ef5130dabt_004.19593624915412011234_007.21353462900836017724
4.25262658177696,8.20994851474798,41.78917517419731,ais,3617,19899,True,False,9999.99,4bf6c82ef5130dabt,MEDIUM,,,,,4bf6c82ef5130dabt_004.25262658177696017958_008.20994851474798004176
4.33749303887103,7.31058668959794,36.476319402157145,ais,2662,9918,True,False,7.622367448262702,4bf6c82ef5130dabt,MEDIUM,,,,,4bf6c82ef5130dabt_004.33749303887103021538_007.31058668959794033526
4.10619761566453,8.18560121451935,53.96739310295416,ais,5235,19627,True,False,9999.99,4bf6c82ef5130dabt,MEDIUM,,,,,4bf6c82ef5130dabt_004.10619761566452989854_008.18560121451934996628
4.25385058566263,7.79328524772291,55.94227047116355,ais,3597,15274,True,False,9999.99,4bf6c82ef5130dabt,MEDIUM,,,,,4bf6c82ef5130dabt_004.25385058566263030144_007.79328524772290975875
4.21032736491381,7.01514162872669,112.63102372199116,ais,4061,6635,True,False,9999.99,4bf6c82ef5130dabt,MEDIUM,,,,,4bf6c82ef5130dabt_004.21032736491380976673_007.01514162872669011506
3.97054153165435,7.74275925283174,40.92702150642037,ais,6729,14709,True,False,9999.99,4bf6c82ef5130dabt,MEDIUM,,,,,4bf6c82ef5130dabt_003.97054153165435019801_007.74275925283173993563
3.11751994507627,6.58197843486569,53.73428801717273,ais,16137,1791,True,False,9999.99,4bf6c82ef5130dabt,MEDIUM,,,,,4bf6c82ef5130dabt_003.11751994507626983832_006.58197843486568956450
3.82827725518352,6.79190553734485,43.36268530842625,ais,8280,4144,True,False,9999.99,4bf6c82ef5130dabt,MEDIUM,,,,,4bf6c82ef5130dabt_003.82827725518352002254_006.79190553734485025217
4.10765234373575,8.11148076697903,37.1175328108061,ais,5218,18804,True,False,9999.99,4bf6c82ef5130dabt,MEDIUM,,,,,4bf6c82ef5130dabt_004.10765234373574994464_008.11148076697902986609
4.37033922326006,7.36051333938224,57.65021809975703,ais,2300,10473,True,False,6.721625467315671,4bf6c82ef5130dabt,MEDIUM,,,,,4bf6c82ef5130dabt_004.37033922326005974668_007.36051333938223972808
3.97417674036151,7.57296973690239,44.9408391957577,ais,6685,12823,True,False,9999.99,4bf6c82ef5130dabt,MEDIUM,,,,,4bf6c82ef5130dabt_003.97417674036150980754_007.57296973690239028087
4.0848517021784,8.04449052797254,67.7111044920971,ais,5469,18060,True,False,9999.99,4bf6c82ef5130dabt,MEDIUM,,,,,4bf6c82ef5130dabt_004.08485170217840032336_008.04449052797254005043
3.81357759295647,7.06068680129391,47.13673669882972,ais,8450,7130,True,False,9999.99,4bf6c82ef5130dabt,MEDIUM,,,,,4bf6c82ef5130dabt_003.81357759295647014142_007.06068680129390990885
3.8313121104353,6.77695771541461,38.95772201131588,ais,8246,3978,True,False,9999.99,4bf6c82ef5130dabt,MEDIUM,,,,,4bf6c82ef5130dabt_003.83131211043530006677_006.77695771541460967313
4.15531844051342,8.03052605519964,38.3661106951973,ais,4690,17906,True,False,9999.99,4bf6c82ef5130dabt,MEDIUM,,,,,4bf6c82ef5130dabt_004.15531844051341980872_008.03052605519964046721
3.05150791887438,6.69820583068002,65.31880155490587,ais,16870,3082,True,False,9999.99,4bf6c82ef5130dabt,MEDIUM,,,,,4bf6c82ef5130dabt_003.05150791887438010974_006.69820583068001962346
4.3338347732612,7.33698050084756,41.53181884558295,ais,2703,10211,True,False,8.750182285755049,4bf6c82ef5130dabt,MEDIUM,,,,,4bf6c82ef5130dabt_004.33383477326120036821_007.33698050084756037137
4.12407254928383,7.80337443531601,73.16455762978464,ais,5032,15384,True,False,9999.99,4bf6c82ef5130dabt,MEDIUM,,,,,4bf6c82ef5130dabt_004.12407254928382993597_007.80337443531600971625
4.14162998520232,6.76205854272892,146.46084749999997,ais,4813,3822,True,False,9999.99,4bf6c82ef5130dabt,MEDIUM,,,,,4bf6c82ef5130dabt_004.14162998520231973032_006.76205854272892015189
4.21902411172637,7.39236229420911,59.70133038383667,ais,3974,10823,True,False,9999.99,4bf6c82ef5130dabt,MEDIUM,,,,,4bf6c82ef5130dabt_004.21902411172636959691_007.39236229420910984089
4.11004707302956,7.12379838991274,34.368300552269424,ais,5173,7838,True,False,9999.99,4bf6c82ef5130dabt,MEDIUM,,,,,4bf6c82ef5130dabt_004.11004707302955996084_007.12379838991274016990
4.17142821290342,7.06004280796561,271.9763990969855,ais,4492,7132,True,False,9999.99,4bf6c82ef5130dabt,MEDIUM,,,,,4bf6c82ef5130dabt_004.17142821290341991869_007.06004280796561012323
4.03337152113964,7.53907810840047,39.62072021556316,ais,6030,12448,True,False,9999.99,4bf6c82ef5130dabt,MEDIUM,,,,,4bf6c82ef5130dabt_004.03337152113963970379_007.53907810840046987977
4.21010617361411,6.71965597576101,26.686947818585,ais,4054,3353,True,True,9999.99,4bf6c82ef5130dabt,MEDIUM,,,,,4bf6c82ef5130dabt_004.21010617361411032533_006.71965597576101014710
4.22977627732169,6.77264322246574,26.95480625079376,ais,3838,3942,True,True,9999.99,4bf6c82ef5130dabt,MEDIUM,,,,,4bf6c82ef5130dabt_004.22977627732169025876_006.77264322246573957642
4.23054387797341,6.75327178344612,28.12928594389091,ais,3829,3727,True,True,9999.99,4bf6c82ef5130dabt,MEDIUM,,,,,4bf6c82ef5130dabt_004.23054387797341036048_006.75327178344612022443
4.22583794315995,6.75148450644093,34.16615967831667,ais,3881,3707,True,True,9999.99,4bf6c82ef5130dabt,MEDIUM,,,,,4bf6c82ef5130dabt_004.22583794315995042723_006.75148450644092967821
4.18457572580115,7.07504968484574,33.322837925325,ais,4347,7299,True,True,9999.99,4bf6c82ef5130dabt,MEDIUM,,,,,4bf6c82ef5130dabt_004.18457572580114955940_007.07504968484574003895
4.10019871059429,6.72853423862411,30.753103087852946,ais,5270,3448,True,True,9999.99,4bf6c82ef5130dabt,MEDIUM,,,,,4bf6c82ef5130dabt_004.10019871059428986371_006.72853423862410959799
4.17742173462365,7.06650197116247,24.873082840773684,ais,4426,7204,True,True,9999.99,4bf6c82ef5130dabt,MEDIUM,,,,,4bf6c82ef5130dabt_004.17742173462364974057_007.06650197116247014151
4.30511898185775,7.38902043268737,25.823760941747825,ais,3022,10788,True,True,9999.99,4bf6c82ef5130dabt,MEDIUM,,,,,4bf6c82ef5130dabt_004.30511898185774999348_007.38902043268736985482
4.12447791293554,6.97803577129659,21.97550754422222,ais,5009,6220,True,True,9999.99,4bf6c82ef5130dabt,MEDIUM,,,,,4bf6c82ef5130dabt_004.12447791293554022474_006.97803577129659036160
50.2486197944619,-4.39994033775753,16.277041220955553,ais,5419,4358,True,False,9999.99,7bbedf6bf3310f06t,MEDIUM,,,,,7bbedf6bf3310f06t_050.24861979446190218823_-04.39994033775753035087
49.4554767955276,-4.30571978999738,122.65497081593853,ais,14249,4876,True,False,9999.99,7bbedf6bf3310f06t,MEDIUM,,,,,7bbedf6bf3310f06t_049.45547679552760200750_-04.30571978999738025351
49.3092751180607,-1.78244305206601,14.448049521824998,ais,15885,23189,True,False,3.966135207013431,7bbedf6bf3310f06t,MEDIUM,,,,,7bbedf6bf3310f06t_049.30927511806069674094_-01.78244305206600994751
49.1460148578198,-2.22030798716391,17.824086220350484,ais,17742,20025,True,False,2.508027322529483,7bbedf6bf3310f06t,MEDIUM,,,,,7bbedf6bf3310f06t_049.14601485781980017009_-02.22030798716391020164
50.2836950211589,-3.97690553278655,21.25538953503333,ais,5077,7379,True,False,1.8626609919006476,7bbedf6bf3310f06t,MEDIUM,,,,,7bbedf6bf3310f06t_050.28369502115889844163_-03.97690553278654990166
49.567632643956,-3.50228875308444,110.67794516952571,ais,13072,10707,True,False,9999.99,7bbedf6bf3310f06t,MEDIUM,,,,,7bbedf6bf3310f06t_049.56763264395600288026_-03.50228875308444020931
49.5308365916926,-3.58484294815672,173.7206214593183,ais,13477,10107,True,False,9999.99,7bbedf6bf3310f06t,MEDIUM,,,,,7bbedf6bf3310f06t_049.53083659169259789223_-03.58484294815671988843
50.16376612371,-1.86304282935035,89.93248744109725,ais,6394,22459,True,False,9999.99,7bbedf6bf3310f06t,MEDIUM,,,,,7bbedf6bf3310f06t_050.16376612370999765744_-01.86304282935035003810
49.1970092627362,-4.4998538606886,122.78435469793396,ais,17096,3412,True,False,9999.99,7bbedf6bf3310f06t,MEDIUM,,,,,7bbedf6bf3310f06t_049.19700926273620211759_-04.49985386068860027109
49.951007693564,-4.36118234740878,34.74762251889376,ais,8733,4574,True,False,9999.99,7bbedf6bf3310f06t,MEDIUM,,,,,7bbedf6bf3310f06t_049.95100769356400149945_-04.36118234740878030209
49.9903882591605,-1.18930070460044,123.5013444594092,ais,8227,27318,True,False,9999.99,7bbedf6bf3310f06t,MEDIUM,,,,,7bbedf6bf3310f06t_049.99038825916049688658_-01.18930070460044001734
50.1918167368541,-3.48441906923612,13.6668287635,ais,6133,10881,True,False,9999.99,7bbedf6bf3310f06t,MEDIUM,,,,,7bbedf6bf3310f06t_050.19181673685410061125_-03.48441906923611988134
49.7818992230011,-2.87358828568255,38.11133292882666,ais,10701,15249,True,False,9999.99,7bbedf6bf3310f06t,MEDIUM,,,,,7bbedf6bf3310f06t_049.78189922300109770958_-02.87358828568254986990
49.7674438687294,-3.71583332938464,84.9118475,ais,10838,9184,True,False,9999.99,7bbedf6bf3310f06t,MEDIUM,,,,,7bbedf6bf3310f06t_049.76744386872940140165_-03.71583332938463994921
50.1227696569194,-3.50164198854423,229.97,ais,6900,10753,True,False,9999.99,7bbedf6bf3310f06t,MEDIUM,,,,,7bbedf6bf3310f06t_050.12276965691940233683_-03.50164198854422981100
49.5128767299523,-2.11432322843434,25.690924079395455,ais,13655,20750,True,False,9999.99,7bbedf6bf3310f06t,MEDIUM,,,,,7bbedf6bf3310f06t_049.51287672995230337847_-02.11432322843434006288
50.0747618919361,-1.44974723321723,196.9958678926792,ais,7331,25431,True,False,9999.99,7bbedf6bf3310f06t,MEDIUM,,,,,7bbedf6bf3310f06t_050.07476189193609883432_-01.44974723321723009128
50.5135881657372,-3.46470662337502,87.3718260319257,ais,2556,11044,True,False,2.4631589810729877,7bbedf6bf3310f06t,MEDIUM,,,,,7bbedf6bf3310f06t_050.51358816573719678900_-03.46470662337502011141
49.7780507701686,-2.88302896319618,,ais,10744,15181,True,False,9999.99,7bbedf6bf3310f06t,MEDIUM,,,,,7bbedf6bf3310f06t_049.77805077016859769401_-02.88302896319618007226
49.3257015077224,-2.39540236476553,25.24046417954136,ais,15756,18732,True,False,8.962795205218649,7bbedf6bf3310f06t,MEDIUM,,,,,7bbedf6bf3310f06t_049.32570150772239969683_-02.39540236476553003442
49.8681474337193,-3.23897738079939,220.63186239590664,ais,9740,12621,True,False,9999.99,7bbedf6bf3310f06t,MEDIUM,,,,,7bbedf6bf3310f06t_049.86814743371930092053_-03.23897738079939001565
50.306538365821,-1.05322383611724,172.04079937577347,ais,4687,28201,True,False,9999.99,7bbedf6bf3310f06t,MEDIUM,,,,,7bbedf6bf3310f06t_050.30653836582099813768_-01.05322383611723990882
50.2116709835295,-4.35120695296,,ais,5836,4698,True,False,9999.99,7bbedf6bf3310f06t,MEDIUM,,,,,7bbedf6bf3310f06t_050.21167098352950119988_-04.35120695296000015162
50.048086410059,-1.53252678905019,86.1334191217935,ais,7639,24845,True,False,9999.99,7bbedf6bf3310f06t,MEDIUM,,,,,7bbedf6bf3310f06t_050.04808641005899971788_-01.53252678905018990818
49.3028686266061,-4.70308938441914,81.55472727140001,ais,15888,1958,True,False,9999.99,7bbedf6bf3310f06t,MEDIUM,,,,,7bbedf6bf3310f06t_049.30286862660609870090_-04.70308938441914037298
49.9983631963946,-4.56256846796708,239.09818802729336,ais,8178,3140,True,False,9999.99,7bbedf6bf3310f06t,MEDIUM,,,,,7bbedf6bf3310f06t_049.99836319639459958353_-04.56256846796707993263
50.0124030675372,-2.62506733530776,130.8218993524431,ais,8132,17025,True,False,9999.99,7bbedf6bf3310f06t,MEDIUM,,,,,7bbedf6bf3310f06t_050.01240306753719977451_-02.62506733530775981933
50.4410897797204,-3.35002881057214,193.1136574937188,ais,3367,11853,True,False,9.761783592230955,7bbedf6bf3310f06t,MEDIUM,,,,,7bbedf6bf3310f06t_050.44108977972040008808_-03.35002881057214008109
49.8968169412286,-2.27870511167087,140.56901528701152,ais,9399,19519,True,False,9999.99,7bbedf6bf3310f06t,MEDIUM,,,,,7bbedf6bf3310f06t_049.89681694122860022844_-02.27870511167086986504
50.4898343442029,-3.17943572245525,12.480492324731667,ais,2829,13066,True,False,9999.99,7bbedf6bf3310f06t,MEDIUM,,,,,7bbedf6bf3310f06t_050.48983434420289739819_-03.17943572245525007958
49.6286095899912,-3.85531550909475,117.29781635404127,ais,12371,8162,True,False,9999.99,7bbedf6bf3310f06t,MEDIUM,,,,,7bbedf6bf3310f06t_049.62860958999119986856_-03.85531550909474995947
50.2877030969437,-3.5614748381152,15.61445255559286,ais,5063,10339,True,False,3.8789165549412656,7bbedf6bf3310f06t,MEDIUM,,,,,7bbedf6bf3310f06t_050.28770309694370155285_-03.56147483811519993679
50.4309552166958,-1.93569922095426,19.454759563080003,ais,3431,21898,True,False,9999.99,7bbedf6bf3310f06t,MEDIUM,,,,,7bbedf6bf3310f06t_050.43095521669579994750_-01.93569922095426005804
49.515430741817,-2.33396460609406,63.69699925045882,ais,13643,19160,True,False,7.753440478844219,7bbedf6bf3310f06t,MEDIUM,,,,,7bbedf6bf3310f06t_049.51543074181699921610_-02.33396460609406020126
50.2641311731659,-2.21612648992944,114.48272918591375,ais,5311,19925,True,False,9999.99,7bbedf6bf3310f06t,MEDIUM,,,,,7bbedf6bf3310f06t_050.26413117316590017936_-02.21612648992944016868
50.086794617565,-2.45981647487946,153.1671295052029,ais,7298,18203,True,False,9999.99,7bbedf6bf3310f06t,MEDIUM,,,,,7bbedf6bf3310f06t_050.08679461756499762259_-02.45981647487946020192
49.8128524947787,-3.36995765320248,161.3590576592963,ais,10351,11677,True,False,9999.99,7bbedf6bf3310f06t,MEDIUM,,,,,7bbedf6bf3310f06t_049.81285249477870280543_-03.36995765320247997465
49.5758021222522,-4.04224736290198,162.437755479511,ais,12941,6804,True,False,9999.99,7bbedf6bf3310f06t,MEDIUM,,,,,7bbedf6bf3310f06t_049.57580212225219895572_-04.04224736290198016775
49.9273507309916,-3.76179363042818,269.4631410717011,ais,9057,8871,True,False,9999.99,7bbedf6bf3310f06t,MEDIUM,,,,,7bbedf6bf3310f06t_049.92735073099159848198_-03.76179363042817982432
50.2927422230233,-1.69839765722039,97.25748349412588,ais,4941,23610,True,False,9999.99,7bbedf6bf3310f06t,MEDIUM,,,,,7bbedf6bf3310f06t_050.29274222302330343837_-01.69839765722039004459
49.3608614009984,-4.59740706820852,116.5589975485596,ais,15260,2740,True,False,9999.99,7bbedf6bf3310f06t,MEDIUM,,,,,7bbedf6bf3310f06t_049.36086140099840235962_-04.59740706820852018666
49.9584097452254,-3.00171824347171,138.83130436788338,ais,8739,14326,True,False,9999.99,7bbedf6bf3310f06t,MEDIUM,,,,,7bbedf6bf3310f06t_049.95840974522540278713_-03.00171824347170979053
49.6815327547174,-2.48486406634224,18.04014746021449,ais,11805,18055,True,False,9999.99,7bbedf6bf3310f06t,MEDIUM,,,,,7bbedf6bf3310f06t_049.68153275471740215607_-02.48486406634224010759
49.4006216135449,-1.84813739872767,20.803650457425928,ais,14877,22696,True,False,0.7803646204364129,7bbedf6bf3310f06t,MEDIUM,,,,,7bbedf6bf3310f06t_049.40062161354489944642_-01.84813739872766991112
50.1954479523644,-3.06096906447453,145.22570802958072,ais,6104,13903,True,False,9999.99,7bbedf6bf3310f06t,MEDIUM,,,,,7bbedf6bf3310f06t_050.19544795236439682640_-03.06096906447453021016
50.432898521824,-3.17810965502397,13.668062222753331,ais,3462,13074,True,False,9999.99,7bbedf6bf3310f06t,MEDIUM,,,,,7bbedf6bf3310f06t_050.43289852182400068159_-03.17810965502396980398
49.2163760420655,-3.99015103916749,15.533309169617947,ais,16942,7128,True,False,9999.99,7bbedf6bf3310f06t,MEDIUM,,,,,7bbedf6bf3310f06t_049.21637604206549809760_-03.99015103916749014346
50.1147195478297,-3.34031438655036,15.2684046251125,ais,6996,11905,True,False,9999.99,7bbedf6bf3310f06t,MEDIUM,,,,,7bbedf6bf3310f06t_050.11471954782970072984_-03.34031438655035994856
49.9908637997569,-1.95725080215084,199.98,ais,8327,21813,True,False,9999.99,7bbedf6bf3310f06t,MEDIUM,,,,,7bbedf6bf3310f06t_049.99086379975690164201_-01.95725080215083990787
49.8422808986939,-2.57209237657992,161.17118275541975,ais,10022,17415,True,False,9999.99,7bbedf6bf3310f06t,MEDIUM,,,,,7bbedf6bf3310f06t_049.84228089869390032618_-02.57209237657992018100
49.580812242428,-4.0926696965265,92.8894856940236,ais,12880,6440,True,False,9999.99,7bbedf6bf3310f06t,MEDIUM,,,,,7bbedf6bf3310f06t_049.58081224242800288948_-04.09266969652650036693
49.2903197091162,-4.19777839418414,95.48514620861282,ais,16098,5629,True,False,9999.99,7bbedf6bf3310f06t,MEDIUM,,,,,7bbedf6bf3310f06t_049.29031970911619708886_-04.19777839418414000505
49.8563978760976,-4.09583967721551,22.632607205640543,ais,9816,6462,True,False,9999.99,7bbedf6bf3310f06t,MEDIUM,,,,,7bbedf6bf3310f06t_049.85639787609760276155_-04.09583967721551012175
50.0270179749422,-4.15198591951627,99.99668866220276,ais,7913,6087,True,False,9999.99,7bbedf6bf3310f06t,MEDIUM,,,,,7bbedf6bf3310f06t_050.02701797494219704276_-04.15198591951627005159
49.4096117603177,-4.53616886560364,122.30325953623944,ais,14727,3195,True,False,9999.99,7bbedf6bf3310f06t,MEDIUM,,,,,7bbedf6bf3310f06t_049.40961176031770207828_-04.53616886560364029890
49.9401923370883,-2.1839004535696,195.44428039929167,ais,8910,20195,True,False,9999.99,7bbedf6bf3310f06t,MEDIUM,,,,,7bbedf6bf3310f06t_049.94019233708829830221_-02.18390045356960005307
49.317884372556,-4.7096619126118,115.81723705880238,ais,15720,1914,True,False,9999.99,7bbedf6bf3310f06t,MEDIUM,,,,,7bbedf6bf3310f06t_049.31788437255600143772_-04.70966191261180000538
49.9442187097654,-2.20765534979944,173.9679189864247,ais,8867,20024,True,False,9999.99,7bbedf6bf3310f06t,MEDIUM,,,,,7bbedf6bf3310f06t_049.94421870976540134279_-02.20765534979944000327
50.2342388790069,-3.9091498369513,13.758618882474284,ais,5633,7855,True,False,2.8992400615924807,7bbedf6bf3310f06t,MEDIUM,,,,,7bbedf6bf3310f06t_050.23423887900690232300_-03.90914983695130002772
49.3051127518932,-4.7636881468977,159.16083646120734,ais,15853,1518,True,False,9999.99,7bbedf6bf3310f06t,MEDIUM,,,,,7bbedf6bf3310f06t_049.30511275189319775336_-04.76368814689770037063
50.260091521214,-4.54435170550975,14.124633083475,ais,5271,3331,True,False,6.592652427678842,7bbedf6bf3310f06t,MEDIUM,,,,,7bbedf6bf3310f06t_050.26009152121400092028_-04.54435170550974998349
50.0691006125235,-2.445899514949,151.43864021758992,ais,7494,18304,True,False,9999.99,7bbedf6bf3310f06t,MEDIUM,,,,,7bbedf6bf3310f06t_050.06910061252349919414_-02.44589951494900015305
50.3397775773394,-2.22246503861031,173.5934570849275,ais,4470,19872,True,False,9999.99,7bbedf6bf3310f06t,MEDIUM,,,,,7bbedf6bf3310f06t_050.33977757733939739637_-02.22246503861031019511
49.9749640882886,-3.00023191051516,197.35920239453483,ais,8555,14337,True,False,9999.99,7bbedf6bf3310f06t,MEDIUM,,,,,7bbedf6bf3310f06t_049.97496408828860126050_-03.00023191051516002759
50.0909900982547,-3.54504733344205,135.92228900004093,ais,7251,10440,True,False,9999.99,7bbedf6bf3310f06t,MEDIUM,,,,,7bbedf6bf3310f06t_050.09099009825470005808_-03.54504733344204980838
50.0047844379919,-1.8400249121778,199.9,ais,8159,22651,True,False,9999.99,7bbedf6bf3310f06t,MEDIUM,,,,,7bbedf6bf3310f06t_050.00478443799190131358_-01.84002491217780006494
50.2703050222327,-4.40747941300176,80.87032778280685,ais,5177,4308,True,False,8.037376517913325,7bbedf6bf3310f06t,MEDIUM,,,,,7bbedf6bf3310f06t_050.27030502223269792239_-04.40747941300176027113
50.208645327568,-2.7897665983668,105.77273142464313,ais,5955,15839,True,False,9999.99,7bbedf6bf3310f06t,MEDIUM,,,,,7bbedf6bf3310f06t_050.20864532756800002744_-02.78976659836679985460
49.1045387910161,-1.72443556574339,14.848268444463889,ais,18154,23649,True,False,5.257304948869103,7bbedf6bf3310f06t,MEDIUM,,,,,7bbedf6bf3310f06t_049.10453879101609686586_-01.72443556574339007526
49.4236043446861,-2.2892783400598,14.344720493130952,ais,14661,19493,True,False,3.636417477799465,7bbedf6bf3310f06t,MEDIUM,,,,,7bbedf6bf3310f06t_049.42360434468609753367_-02.28927834005979979892
50.2606034393448,-1.43644363173763,163.16133579145225,ais,5263,25483,True,False,9999.99,7bbedf6bf3310f06t,MEDIUM,,,,,7bbedf6bf3310f06t_050.26060343934479845984_-01.43644363173762990016
50.3329131694216,-1.7854349159926,137.21798734526888,ais,4505,22983,True,False,9999.99,7bbedf6bf3310f06t,MEDIUM,,,,,7bbedf6bf3310f06t_050.33291316942160165127_-01.78543491599259995795
50.2404975446564,-4.2433191333655,14.929023698723528,ais,5529,5473,True,False,7.745925878701401,7bbedf6bf3310f06t,MEDIUM,,,,,7bbedf6bf3310f06t_050.24049754465639949785_-04.24331913336549959581
49.1919217428786,-4.4808517201063,137.38029188273725,ais,17155,3549,True,False,9999.99,7bbedf6bf3310f06t,MEDIUM,,,,,7bbedf6bf3310f06t_049.19192174287859842252_-04.48085172010630028439
50.2376118746052,-4.56481637683982,14.888389275609756,ais,5518,3180,True,False,9.17178564905844,7bbedf6bf3310f06t,MEDIUM,,,,,7bbedf6bf3310f06t_050.23761187460520005743_-04.56481637683982022224
50.459140182238,-3.13240639025292,18.22108121334374,ais,3171,13399,True,False,9999.99,7bbedf6bf3310f06t,MEDIUM,,,,,7bbedf6bf3310f06t_050.45914018223800212581_-03.13240639025291978115
50.112354016799,-1.15068943707332,135.8969864018449,ais,6864,27561,True,False,9999.99,7bbedf6bf3310f06t,MEDIUM,,,,,7bbedf6bf3310f06t_050.11235401679900292038_-01.15068943707332005388
50.346955296902,-1.64707899656988,158.15978958842848,ais,4332,23964,True,False,9999.99,7bbedf6bf3310f06t,MEDIUM,,,,,7bbedf6bf3310f06t_050.34695529690200288542_-01.64707899656987999393
48.9013661319294,-1.73671036241656,14.827555796746664,ais,20414,23597,True,False,6.4224342046049285,7bbedf6bf3310f06t,MEDIUM,,,,,7bbedf6bf3310f06t_048.90136613192940018280_-01.73671036241656007171
49.6739272284265,-3.27263241099598,218.6555325948826,ais,11899,12372,True,False,9999.99,7bbedf6bf3310f06t,MEDIUM,,,,,7bbedf6bf3310f06t_049.67392722842649988024_-03.27263241099598012340
49.9248508444269,-1.73581447516785,88.99863278509908,ais,9036,23413,True,False,9999.99,7bbedf6bf3310f06t,MEDIUM,,,,,7bbedf6bf3310f06t_049.92485084442689924344_-01.73581447516784992402
50.2393711760714,-3.62148754496561,13.647051158126086,ais,5597,9907,True,False,2.2189946946592274,7bbedf6bf3310f06t,MEDIUM,,,,,7bbedf6bf3310f06t_050.23937117607140123710_-03.62148754496561009475
50.1259116871774,-4.11960974431625,15.355955348575002,ais,6817,6336,True,False,9999.99,7bbedf6bf3310f06t,MEDIUM,,,,,7bbedf6bf3310f06t_050.12591168717739975591_-04.11960974431625004399
49.4121934657034,-2.29137317853039,10.865460642627776,ais,14788,19479,True,False,3.8082734732053543,7bbedf6bf3310f06t,MEDIUM,,,,,7bbedf6bf3310f06t_049.41219346570340320568_-02.29137317853039013116
49.1370780126205,-2.12790701147461,20.12510471877143,ais,17834,20700,True,False,2.473792206892462,7bbedf6bf3310f06t,MEDIUM,,,,,7bbedf6bf3310f06t_049.13707801262049912339_-02.12790701147461014386
50.2229553911813,-3.61342385304085,13.166131070544443,ais,5780,9963,True,False,2.092819569542819,7bbedf6bf3310f06t,MEDIUM,,,,,7bbedf6bf3310f06t_050.22295539118130136558_-03.61342385304085000897
49.8656378708749,-3.39131929631874,158.9956297207725,ais,9764,11526,True,False,9999.99,7bbedf6bf3310f06t,MEDIUM,,,,,7bbedf6bf3310f06t_049.86563787087489885153_-03.39131929631873996200
49.5485515745825,-4.4318428827008,179.0882033534872,ais,13198,3981,True,False,9999.99,7bbedf6bf3310f06t,MEDIUM,,,,,7bbedf6bf3310f06t_049.54855157458249692581_-04.43184288270080006811
50.25454823843,-1.53929000673092,142.490188577835,ais,5345,24751,True,False,9999.99,7bbedf6bf3310f06t,MEDIUM,,,,,7bbedf6bf3310f06t_050.25454823842999729777_-01.53929000673092009066
50.2968200070014,-3.49475103425891,12.8319667019,ais,4965,10815,True,False,4.881604263194919,7bbedf6bf3310f06t,MEDIUM,,,,,7bbedf6bf3310f06t_050.29682000700140065419_-03.49475103425890987197
49.7659797727852,-4.04315996512204,143.77681161980425,ais,10827,6826,True,False,9999.99,7bbedf6bf3310f06t,MEDIUM,,,,,7bbedf6bf3310f06t_049.76597977278520090749_-04.04315996512204023361
49.5046843432275,-2.0776059194111,20.15003643633077,ais,13743,21017,True,False,9999.99,7bbedf6bf3310f06t,MEDIUM,,,,,7bbedf6bf3310f06t_049.50468434322750255205_-02.07760591941109984404
49.4964854366397,-4.16627618148688,220.7139251527974,ais,13810,5893,True,False,9999.99,7bbedf6bf3310f06t,MEDIUM,,,,,7bbedf6bf3310f06t_049.49648543663970201578_-04.16627618148687961508
49.8358762456383,-2.81595811582696,200.79762014181503,ais,10100,15662,True,False,9999.99,7bbedf6bf3310f06t,MEDIUM,,,,,7bbedf6bf3310f06t_049.83587624563830331681_-02.81595811582696020636
50.0522247705546,-1.58572028629962,187.43298197275143,ais,7601,24463,True,False,9999.99,7bbedf6bf3310f06t,MEDIUM,,,,,7bbedf6bf3310f06t_050.05222477055460217343_-01.58572028629962002988
49.0932293503385,-2.45947414655852,,ais,18344,18285,True,False,9999.99,7bbedf6bf3310f06t,MEDIUM,,,,,7bbedf6bf3310f06t_049.09322935033849688580_-02.45947414655852014675
49.7464437203488,-3.6139367989281,144.37257515818897,ais,11078,9916,True,False,9999.99,7bbedf6bf3310f06t,MEDIUM,,,,,7bbedf6bf3310f06t_049.74644372034880035471_-03.61393679892809993603
49.386714722849,-2.60783057455726,15.054729488750002,ais,15088,17185,True,False,2.7541869789490243,7bbedf6bf3310f06t,MEDIUM,,,,,7bbedf6bf3310f06t_049.38671472284899977012_-02.60783057455725986173
50.0930104020481,-3.61022546653597,13.843935052575,ais,7225,9974,True,False,9999.99,7bbedf6bf3310f06t,MEDIUM,,,,,7bbedf6bf3310f06t_050.09301040204810107070_-03.61022546653597009580
50.2794000755579,-4.31254507852065,14.074550975088888,ais,5088,4987,True,False,6.984149242530706,7bbedf6bf3310f06t,MEDIUM,,,,,7bbedf6bf3310f06t_050.27940007555790202787_-04.31254507852064961071
48.9379286870066,-1.9564583362806,18.200295425590625,ais,20032,21981,True,False,9999.99,7bbedf6bf3310f06t,MEDIUM,,,,,7bbedf6bf3310f06t_048.93792868700659681735_-01.95645833628060006326
49.1834446598085,-4.32940761768507,65.65050701032015,ais,17270,4651,True,False,9999.99,7bbedf6bf3310f06t,MEDIUM,,,,,7bbedf6bf3310f06t_049.18344465980850088727_-04.32940761768506998663
49.9402939326417,-1.26999041783807,92.10860386225234,ais,8797,26752,True,False,9999.99,7bbedf6bf3310f06t,MEDIUM,,,,,7bbedf6bf3310f06t_049.94029393264170124667_-01.26999041783807009587
49.9326310441934,-2.25045895025314,136.97,ais,8999,19718,True,False,9999.99,7bbedf6bf3310f06t,MEDIUM,,,,,7bbedf6bf3310f06t_049.93263104419339981632_-02.25045895025313980042
50.0518828710477,-1.48763599451082,146.75728596160002,ais,7591,25165,True,False,9999.99,7bbedf6bf3310f06t,MEDIUM,,,,,7bbedf6bf3310f06t_050.05188287104770239466_-01.48763599451081995895
50.4439376923916,-2.27708428048929,69.66220558776877,ais,3316,19472,True,False,9999.99,7bbedf6bf3310f06t,MEDIUM,,,,,7bbedf6bf3310f06t_050.44393769239160008055_-02.27708428048928990250
49.5952954386569,-3.18722136951032,47.73667065771238,ais,12775,12986,True,False,9999.99,7bbedf6bf3310f06t,MEDIUM,,,,,7bbedf6bf3310f06t_049.59529543865689760196_-03.18722136951032020136
49.3262947436779,-2.4984889380454,19.89715195247619,ais,15755,17983,True,False,9999.99,7bbedf6bf3310f06t,MEDIUM,,,,,7bbedf6bf3310f06t_049.32629474367789867983_-02.49848893804540006514
49.8575397403554,-2.54768121150445,93.67742052324752,ais,9851,17590,True,False,9999.99,7bbedf6bf3310f06t,MEDIUM,,,,,7bbedf6bf3310f06t_049.85753974035539926035_-02.54768121150444981637
49.8218974801745,-1.65115917549599,56.23017398267942,ais,10170,24041,True,False,9999.99,7bbedf6bf3310f06t,MEDIUM,,,,,7bbedf6bf3310f06t_049.82189748017449915096_-01.65115917549599000580
49.5064203377696,-4.17513234471883,149.3055027971117,ais,13698,5831,True,False,9999.99,7bbedf6bf3310f06t,MEDIUM,,,,,7bbedf6bf3310f06t_049.50642033776959749503_-04.17513234471882999088
49.4050315036146,-4.38775763109844,97.89313403255176,ais,14799,4271,True,False,9999.99,7bbedf6bf3310f06t,MEDIUM,,,,,7bbedf6bf3310f06t_049.40503150361460171780_-04.38775763109843985887
49.6377124146441,-3.30194423815762,279.3092035702391,ais,12301,12158,True,False,9999.99,7bbedf6bf3310f06t,MEDIUM,,,,,7bbedf6bf3310f06t_049.63771241464409911259_-03.30194423815762005958
49.8602258460454,-4.52694194896937,167.881426779868,ais,9719,3364,True,False,9999.99,7bbedf6bf3310f06t,MEDIUM,,,,,7bbedf6bf3310f06t_049.86022584604540242026_-04.52694194896936963346
50.2284181175853,-4.22898445900866,51.81427728557915,ais,5665,5573,True,False,8.966144934405879,7bbedf6bf3310f06t,MEDIUM,,,,,7bbedf6bf3310f06t_050.22841811758529928511_-04.22898445900866004621
49.9051529143003,-4.18493436803095,16.577148010016664,ais,9264,5830,True,False,9999.99,7bbedf6bf3310f06t,MEDIUM,,,,,7bbedf6bf3310f06t_049.90515291430030231368_-04.18493436803094986942
50.0836483427246,-2.32496539936293,143.40055638338532,ais,7325,19168,True,False,9999.99,7bbedf6bf3310f06t,MEDIUM,,,,,7bbedf6bf3310f06t_050.08364834272460086595_-02.32496539936293000750
50.4485708854376,-2.91307506190982,23.98,ais,3289,14956,True,True,9999.99,7bbedf6bf3310f06t,MEDIUM,,,,,7bbedf6bf3310f06t_050.44857088543759715549_-02.91307506190982001826
49.7160848565317,-4.09545310857395,23.97,ais,11376,6442,True,True,9999.99,7bbedf6bf3310f06t,MEDIUM,,,,,7bbedf6bf3310f06t_049.71608485653170106389_-04.09545310857394984083
48.9141893864358,-1.70062672261813,15.32,ais,20267,23859,True,True,8.463078858375257,7bbedf6bf3310f06t,MEDIUM,,,,,7bbedf6bf3310f06t_048.91418938643580105463_-01.70062672261812997121
50.3717332234113,-3.24792259005859,23.0,ais,4141,12576,True,True,9999.99,7bbedf6bf3310f06t,MEDIUM,,,,,7bbedf6bf3310f06t_050.37173322341129733104_-03.24792259005858996446
49.9350979884749,-4.47708079660294,25.343009628525,ais,8894,3739,True,True,9999.99,7bbedf6bf3310f06t,MEDIUM,,,,,7bbedf6bf3310f06t_049.93509798847490088747_-04.47708079660294000490
50.3258399550075,-3.29036344430395,22.18,ais,4650,12272,True,True,9999.99,7bbedf6bf3310f06t,MEDIUM,,,,,7bbedf6bf3310f06t_050.32583995500750262408_-03.29036344430394978033
50.2007311486531,-4.23512386646486,12.206479900993749,ais,5972,5524,True,True,9999.99,7bbedf6bf3310f06t,MEDIUM,,,,,7bbedf6bf3310f06t_050.20073114865309804600_-04.23512386646485960995
49.6873621309371,-3.32577675645284,27.886565482387123,ais,11748,11989,True,True,9999.99,7bbedf6bf3310f06t,MEDIUM,,,,,7bbedf6bf3310f06t_049.68736213093710318844_-03.32577675645284021044
50.153646304598,-4.08778071557061,14.96,ais,6512,6568,True,True,9999.99,7bbedf6bf3310f06t,MEDIUM,,,,,7bbedf6bf3310f06t_050.15364630459799855089_-04.08778071557061029040
50.4540588533157,-3.25081304364788,9.34,ais,3225,12558,True,True,9999.99,7bbedf6bf3310f06t,MEDIUM,,,,,7bbedf6bf3310f06t_050.45405885331570061680_-03.25081304364787992967
50.4164829872602,-2.58686588571971,14.950697005630303,ais,3638,17274,True,True,9999.99,7bbedf6bf3310f06t,MEDIUM,,,,,7bbedf6bf3310f06t_050.41648298726020271943_-02.58686588571970998984
49.8597678171114,-3.98068826518176,26.03149363764203,ais,9790,7290,True,True,9999.99,7bbedf6bf3310f06t,MEDIUM,,,,,7bbedf6bf3310f06t_049.85976781711139693698_-03.98068826518175988838
49.3626109043158,-3.07351224730245,31.99,ais,15363,13805,True,True,9999.99,7bbedf6bf3310f06t,MEDIUM,,,,,7bbedf6bf3310f06t_049.36261090431580100812_-03.07351224730245009553
50.395775134854,-2.73283188735836,24.9,ais,3873,16238,True,True,9999.99,7bbedf6bf3310f06t,MEDIUM,,,,,7bbedf6bf3310f06t_050.39577513485399862248_-02.73283188735836013450
49.8147624539041,-4.19498296040483,23.97,ais,10268,5742,True,True,9999.99,7bbedf6bf3310f06t,MEDIUM,,,,,7bbedf6bf3310f06t_049.81476245390410184655_-04.19498296040482987479
49.9855748932405,-2.73536190939009,24.5,ais,8434,16236,True,True,9999.99,7bbedf6bf3310f06t,MEDIUM,,,,,7bbedf6bf3310f06t_049.98557489324050351343_-02.73536190939009005163
50.240523025584,-4.11682300061142,14.39,ais,5543,6375,True,True,7.18250662288227,7bbedf6bf3310f06t,MEDIUM,,,,,7bbedf6bf3310f06t_050.24052302558399674126_-04.11682300061142036895
49.5211855762961,-2.12924723117429,15.0,ais,13564,20641,True,True,9999.99,7bbedf6bf3310f06t,MEDIUM,,,,,7bbedf6bf3310f06t_049.52118557629609796322_-02.12924723117428982277
50.5784294405237,-3.36634511051629,21.3,ais,1839,11745,True,True,2.7443118589969,7bbedf6bf3310f06t,MEDIUM,,,,,7bbedf6bf3310f06t_050.57842944052369915653_-03.36634511051628981804
49.425417250912,-3.1931279742974,19.2,ais,14663,12938,True,True,9999.99,7bbedf6bf3310f06t,MEDIUM,,,,,7bbedf6bf3310f06t_049.42541725091199822373_-03.19312797429740014010
49.3296911549525,-3.08379606193961,34.9,ais,15729,13730,True,True,9999.99,7bbedf6bf3310f06t,MEDIUM,,,,,7bbedf6bf3310f06t_049.32969115495249923242_-03.08379606193960986715
50.4331867728583,-2.84070738782981,9.95,ais,3459,15470,True,True,9999.99,7bbedf6bf3310f06t,MEDIUM,,,,,7bbedf6bf3310f06t_050.43318677285829920720_-02.84070738782981013770
49.9325051048167,-1.64962247853911,20.5,ais,8940,24030,True,True,9999.99,7bbedf6bf3310f06t,MEDIUM,,,,,7bbedf6bf3310f06t_049.93250510481669834917_-01.64962247853911003759
50.1273350164833,-3.85731609138158,14.97,ais,6826,8211,True,True,9.642122431396876,7bbedf6bf3310f06t,MEDIUM,,,,,7bbedf6bf3310f06t_050.12733501648330047828_-03.85731609138158004768
50.4638238964377,-3.19597365804486,23.97,ais,3118,12948,True,True,9999.99,7bbedf6bf3310f06t,MEDIUM,,,,,7bbedf6bf3310f06t_050.46382389643770238763_-03.19597365804485988861
50.1296270357409,-3.8008320958543,11.9,ais,6805,8615,True,True,8.549120879550262,7bbedf6bf3310f06t,MEDIUM,,,,,7bbedf6bf3310f06t_050.12962703574090284064_-03.80083209585429981914
50.1137534318737,-4.28519800162837,13.0,ais,6933,5150,True,True,9999.99,7bbedf6bf3310f06t,MEDIUM,,,,,7bbedf6bf3310f06t_050.11375343187369679754_-04.28519800162836972390
49.813765317292,-1.87616922308432,22.5,ais,10287,22424,True,True,9999.99,7bbedf6bf3310f06t,MEDIUM,,,,,7bbedf6bf3310f06t_049.81376531729200252130_-01.87616922308432010347
49.676414040132,-3.77128762076992,18.35,ais,11846,8774,True,True,9999.99,7bbedf6bf3310f06t,MEDIUM,,,,,7bbedf6bf3310f06t_049.67641404013200201462_-03.77128762076991996821
50.130210040042,-4.1947195550279,9.95,ais,6761,5800,True,True,9999.99,7bbedf6bf3310f06t,MEDIUM,,,,,7bbedf6bf3310f06t_050.13021004004200165127_-04.19471955502790017078
50.214130508544,-3.90428250376071,10.136488024786958,ais,5857,7887,True,True,3.4233756494211134,7bbedf6bf3310f06t,MEDIUM,,,,,7bbedf6bf3310f06t_050.21413050854400239587_-03.90428250376070984373
50.0625399527566,-3.39886710427432,30.55,ais,7574,11484,True,True,9999.99,7bbedf6bf3310f06t,MEDIUM,,,,,7bbedf6bf3310f06t_050.06253995275660173547_-03.39886710427431992798
49.9303220016438,-2.72298526861967,16.435,ais,9048,16327,True,True,9999.99,7bbedf6bf3310f06t,MEDIUM,,,,,7bbedf6bf3310f06t_049.93032200164380185470_-02.72298526861967005175
50.0670948696004,-4.15679245296234,23.99,ais,7467,6060,True,True,9999.99,7bbedf6bf3310f06t,MEDIUM,,,,,7bbedf6bf3310f06t_050.06709486960040322856_-04.15679245296233990103
49.9194489452573,-2.77359861367597,15.25,ais,9170,15964,True,True,9999.99,7bbedf6bf3310f06t,MEDIUM,,,,,7bbedf6bf3310f06t_049.91944894525730092028_-02.77359861367596982618
49.9057781141839,-2.81935609901254,15.95,ais,9323,15636,True,True,9999.99,7bbedf6bf3310f06t,MEDIUM,,,,,7bbedf6bf3310f06t_049.90577811418390297149_-02.81935609901253991794
49.5421692024161,-1.99893931155568,11.8,ais,13319,21581,True,True,8.123781165159631,7bbedf6bf3310f06t,MEDIUM,,,,,7bbedf6bf3310f06t_049.54216920241609756204_-01.99893931155567994296
50.5019663018735,-3.44923021653405,9.99,ais,2686,11153,True,True,3.912614675899911,7bbedf6bf3310f06t,MEDIUM,,,,,7bbedf6bf3310f06t_050.50196630187350166352_-03.44923021653404981990
49.9511600994254,-4.57699318241416,26.2,ais,8701,3026,True,True,9999.99,7bbedf6bf3310f06t,MEDIUM,,,,,7bbedf6bf3310f06t_049.95116009942540102884_-04.57699318241416008846
49.362953445997,-3.17628669024502,35.77,ais,15358,13059,True,True,9999.99,7bbedf6bf3310f06t,MEDIUM,,,,,7bbedf6bf3310f06t_049.36295344599700030130_-03.17628669024501997242
49.5837388993497,-3.65777908212915,14.99,ais,12884,9584,True,True,9999.99,7bbedf6bf3310f06t,MEDIUM,,,,,7bbedf6bf3310f06t_049.58373889934969724891_-03.65777908212914981689
49.3769369516232,-3.04475196047619,36.75,ais,15204,14014,True,True,9999.99,7bbedf6bf3310f06t,MEDIUM,,,,,7bbedf6bf3310f06t_049.37693695162320040026_-03.04475196047618990036
50.1254061892644,-4.23037578259108,12.502481096003123,ais,6810,5544,True,True,9999.99,7bbedf6bf3310f06t,MEDIUM,,,,,7bbedf6bf3310f06t_050.12540618926440316727_-04.23037578259108038026
49.9074994169456,-2.89495744302006,15.95,ais,9305,15093,True,True,9999.99,7bbedf6bf3310f06t,MEDIUM,,,,,7bbedf6bf3310f06t_049.90749941694559765892_-02.89495744302005997284
49.5991250600382,-3.11937772036124,22.85,ais,12733,13476,True,True,9999.99,7bbedf6bf3310f06t,MEDIUM,,,,,7bbedf6bf3310f06t_049.59912506003819743228_-03.11937772036124005837
50.2239421471974,-4.3004922153703,19.2562857834091,ais,5706,5062,True,True,9999.99,7bbedf6bf3310f06t,MEDIUM,,,,,7bbedf6bf3310f06t_050.22394214719739835573_-04.30049221537029957574
50.1586784613112,-4.51140058026548,22.75,ais,6403,3543,True,True,9999.99,7bbedf6bf3310f06t,MEDIUM,,,,,7bbedf6bf3310f06t_050.15867846131119733855_-04.51140058026548018688
50.5259126060091,-3.30245256230937,16.487860626251017,ais,2425,12195,True,True,9.77218134698297,7bbedf6bf3310f06t,MEDIUM,,,,,7bbedf6bf3310f06t_050.52591260600910061385_-03.30245256230936989894
49.4175310035042,-3.94531015864365,157.71033881543116,ais,14710,7481,True,False,9999.99,3bb75810a96a5310t,MEDIUM,,,,,3bb75810a96a5310t_049.41753100350420169207_-03.94531015864364986712
49.2497226292961,-3.79243472655445,158.15978958842848,ais,16588,8570,True,False,9999.99,3bb75810a96a5310t,MEDIUM,,,,,3bb75810a96a5310t_049.24972262929610167248_-03.79243472655445001962
50.3355217865553,-1.96384996579808,193.4062535123083,ais,4495,21711,True,False,9999.99,3bb75810a96a5310t,MEDIUM,,,,,3bb75810a96a5310t_050.33552178655529729667_-01.96384996579807991068
50.1807224623806,-3.18067477992615,90.47784678884496,ais,6266,13047,True,False,9999.99,3bb75810a96a5310t,MEDIUM,,,,,3bb75810a96a5310t_050.18072246238060074575_-03.18067477992615010862
50.2713675918964,-4.26689139373121,19.11500461328485,ais,5183,5309,True,False,5.1897841596913565,3bb75810a96a5310t,MEDIUM,,,,,3bb75810a96a5310t_050.27136759189640002887_-04.26689139373120962517
49.4366033693134,-3.82884476242521,153.4389337507913,ais,14508,8328,True,False,9999.99,3bb75810a96a5310t,MEDIUM,,,,,3bb75810a96a5310t_049.43660336931340282263_-03.82884476242521021305
50.4576295777932,-3.39506540445836,172.26012097978608,ais,3181,11532,True,False,6.3071858769215146,3bb75810a96a5310t,MEDIUM,,,,,3bb75810a96a5310t_050.45762957779319890506_-03.39506540445835991449
49.8017706399074,-3.35146744650721,81.55472727140001,ais,10475,11808,True,False,9999.99,3bb75810a96a5310t,MEDIUM,,,,,3bb75810a96a5310t_049.80177063990740293775_-03.35146744650720984637
50.2613932090193,-4.26606556274718,17.108379931094735,ais,5294,5313,True,False,6.10480723988441,3bb75810a96a5310t,MEDIUM,,,,,3bb75810a96a5310t_050.26139320901930318541_-04.26606556274717974020
49.6367139075718,-2.54173838070005,17.019094037331033,ais,12306,17646,True,False,9999.99,3bb75810a96a5310t,MEDIUM,,,,,3bb75810a96a5310t_049.63671390757180290620_-02.54173838070005020384
50.2580949062403,-1.41501557297969,178.31428736354232,ais,5287,25635,True,False,9999.99,3bb75810a96a5310t,MEDIUM,,,,,3bb75810a96a5310t_050.25809490624030217987_-01.41501557297969005056
50.1618502227303,-4.16962710971874,14.9815467906,ais,6412,5983,True,False,9999.99,3bb75810a96a5310t,MEDIUM,,,,,3bb75810a96a5310t_050.16185022273030114093_-04.16962710971874006560
49.9179126192316,-3.61083214509931,180.20285178321024,ais,9172,9952,True,False,9999.99,3bb75810a96a5310t,MEDIUM,,,,,3bb75810a96a5310t_049.91791261923160050173_-03.61083214509931016423
49.4484948637295,-4.37946816848334,106.60867394018332,ais,14317,4338,True,False,9999.99,3bb75810a96a5310t,MEDIUM,,,,,3bb75810a96a5310t_049.44849486372950053692_-04.37946816848334030681
49.9353471936034,-3.48765584802702,243.82876542836544,ais,8985,10837,True,False,9999.99,3bb75810a96a5310t,MEDIUM,,,,,3bb75810a96a5310t_049.93534719360339835248_-03.48765584802701988920
50.0180424294973,-4.56757800972881,127.35645836932144,ais,7959,3107,True,False,9999.99,3bb75810a96a5310t,MEDIUM,,,,,3bb75810a96a5310t_050.01804242949729939482_-04.56757800972880989576
50.1779829674012,-1.74805858127917,236.17292953579368,ais,6223,23276,True,False,9999.99,3bb75810a96a5310t,MEDIUM,,,,,3bb75810a96a5310t_050.17798296740119923243_-01.74805858127917002065
49.4673629024416,-3.7382825937552,151.16902616110465,ais,14173,8988,True,False,9999.99,3bb75810a96a5310t,MEDIUM,,,,,3bb75810a96a5310t_049.46736290244160016982_-03.73828259375520000063
49.9377981055544,-3.09949311435838,92.89990793052785,ais,8968,13623,True,False,9999.99,3bb75810a96a5310t,MEDIUM,,,,,3bb75810a96a5310t_049.93779810555439979680_-03.09949311435837993045
49.8560880327528,-4.21548009604609,153.36798384920274,ais,9806,5600,True,False,9999.99,3bb75810a96a5310t,MEDIUM,,,,,3bb75810a96a5310t_049.85608803275280109801_-04.21548009604608964196
50.2115045323326,-4.35136153652249,15.684950894786734,ais,5838,4695,True,False,9999.99,3bb75810a96a5310t,MEDIUM,,,,,3bb75810a96a5310t_050.21150453233259725039_-04.35136153652249024759
49.992479835837,-3.091915524032,168.22171558753678,ais,8360,13678,True,False,9999.99,3bb75810a96a5310t,MEDIUM,,,,,3bb75810a96a5310t_049.99247983583700261079_-03.09191552403200020649
49.2522870732663,-4.41856022941778,190.98980154001032,ais,16493,4014,True,False,9999.99,3bb75810a96a5310t,MEDIUM,,,,,3bb75810a96a5310t_049.25228707326630228636_-04.41856022941778014967
50.2345980175342,-3.4481499002323,,ais,5659,11141,True,False,9999.99,3bb75810a96a5310t,MEDIUM,,,,,3bb75810a96a5310t_050.23459801753420350678_-03.44814990023230016902
49.4744276890756,-3.7642838748616,240.7148936540028,ais,14092,8800,True,False,9999.99,3bb75810a96a5310t,MEDIUM,,,,,3bb75810a96a5310t_049.47442768907559695890_-03.76428387486159987674
50.0974289167309,-3.77502257839693,97.79720590379384,ais,7165,8794,True,False,9999.99,3bb75810a96a5310t,MEDIUM,,,,,3bb75810a96a5310t_050.09742891673089815185_-03.77502257839692978436
50.0963949756364,-4.17116020204154,105.73933410850876,ais,7140,5960,True,False,9999.99,3bb75810a96a5310t,MEDIUM,,,,,3bb75810a96a5310t_050.09639497563640020417_-04.17116020204154036577
50.4777654074612,-2.3896191355251,14.561651572548568,ais,2947,18668,True,False,5.953674449220821,3bb75810a96a5310t,MEDIUM,,,,,3bb75810a96a5310t_050.47776540746119877667_-02.38961913552510019088
49.2342860039403,-2.40522219618461,21.65495898358222,ais,16773,18667,True,False,9999.99,3bb75810a96a5310t,MEDIUM,,,,,3bb75810a96a5310t_049.23428600394029786003_-02.40522219618461008395
50.0531210137097,-1.4620014931013,118.94370842891593,ais,7573,25347,True,False,9999.99,3bb75810a96a5310t,MEDIUM,,,,,3bb75810a96a5310t_050.05312101370969912750_-01.46200149310129989821
49.6863715765889,-1.53517746487626,31.49475582553192,ais,11661,24903,True,False,3.074477367036454,3bb75810a96a5310t,MEDIUM,,,,,3bb75810a96a5310t_049.68637157658889691447_-01.53517746487625994511
50.4216995834482,-2.51565387270811,15.1177144052,ais,3577,17777,True,False,9999.99,3bb75810a96a5310t,MEDIUM,,,,,3bb75810a96a5310t_050.42169958344820202001_-02.51565387270811013920
49.2813685593631,-4.2698073078573,113.60968189062936,ais,16189,5102,True,False,9999.99,3bb75810a96a5310t,MEDIUM,,,,,3bb75810a96a5310t_049.28136855936310212201_-04.26980730785729978294
50.2902492871294,-1.32048964002164,73.91738315557981,ais,4915,26300,True,False,9999.99,3bb75810a96a5310t,MEDIUM,,,,,3bb75810a96a5310t_050.29024928712939868092_-01.32048964002163993214
50.2613480019021,-4.08281766655594,101.13287313345786,ais,5315,6619,True,False,3.9426107678381137,3bb75810a96a5310t,MEDIUM,,,,,3bb75810a96a5310t_050.26134800190209972470_-04.08281766655593969517
50.1842648067414,-2.00471122015402,75.43049766236705,ais,6181,21442,True,False,9999.99,3bb75810a96a5310t,MEDIUM,,,,,3bb75810a96a5310t_050.18426480674140321980_-02.00471122015401981287
50.0006871911628,-4.43170773976655,79.51890793792572,ais,8171,4076,True,False,9999.99,3bb75810a96a5310t,MEDIUM,,,,,3bb75810a96a5310t_050.00068719116279680748_-04.43170773976654963633
50.3540654545809,-1.48141236444427,134.95214526322562,ais,4230,25140,True,False,9999.99,3bb75810a96a5310t,MEDIUM,,,,,3bb75810a96a5310t_050.35406545458089766498_-01.48141236444427004670
49.6416481543528,-3.77952245131278,93.20865826615052,ais,12232,8709,True,False,9999.99,3bb75810a96a5310t,MEDIUM,,,,,3bb75810a96a5310t_049.64164815435280075917_-03.77952245131278008472
49.8755074288468,-3.15127970731807,165.25887361352915,ais,9660,13250,True,False,9999.99,3bb75810a96a5310t,MEDIUM,,,,,3bb75810a96a5310t_049.87550742884680232692_-03.15127970731807005578
49.923794605347,-3.15577434413638,141.5467677589055,ais,9123,13219,True,False,9999.99,3bb75810a96a5310t,MEDIUM,,,,,3bb75810a96a5310t_049.92379460534699830987_-03.15577434413637991639
50.3981973162233,-2.57735135697161,18.652534704855555,ais,3841,17341,True,False,9999.99,3bb75810a96a5310t,MEDIUM,,,,,3bb75810a96a5310t_050.39819731622330323262_-02.57735135697161021895
49.3531354973329,-4.0792859040814,105.987339487776,ais,15413,6499,True,False,9999.99,3bb75810a96a5310t,MEDIUM,,,,,3bb75810a96a5310t_049.35313549733290017230_-04.07928590408139957191
50.0687847779465,-1.51977441268226,185.6220834970979,ais,7407,24930,True,False,9999.99,3bb75810a96a5310t,MEDIUM,,,,,3bb75810a96a5310t_050.06878477794649739963_-01.51977441268226010074
49.321636279968,-4.69338536913932,247.40014296260236,ais,15681,2031,True,False,9999.99,3bb75810a96a5310t,MEDIUM,,,,,3bb75810a96a5310t_049.32163627996799704079_-04.69338536913932014016
50.2333308816673,-2.5736225924665,27.881740500719054,ais,5674,17378,True,False,9999.99,3bb75810a96a5310t,MEDIUM,,,,,3bb75810a96a5310t_050.23333088166729964996_-02.57362259246650015854
49.5985495845588,-4.57650547060574,98.8244871401747,ais,12621,2945,True,False,9999.99,3bb75810a96a5310t,MEDIUM,,,,,3bb75810a96a5310t_049.59854958455880336032_-04.57650547060574020009
49.6949214891818,-3.86778589679554,145.21642202647777,ais,11633,8078,True,False,9999.99,3bb75810a96a5310t,MEDIUM,,,,,3bb75810a96a5310t_049.69492148918180163264_-03.86778589679554007930
50.0766524433,-3.8860274272586,112.23960597187434,ais,7387,7997,True,False,9999.99,3bb75810a96a5310t,MEDIUM,,,,,3bb75810a96a5310t_050.07665244329999865158_-03.88602742725859995332
50.4559840290357,-3.42116888388248,136.37285221212755,ais,3199,11347,True,False,4.492109411656394,3bb75810a96a5310t,MEDIUM,,,,,3bb75810a96a5310t_050.45598402903569734690_-03.42116888388247986086
49.311221656313,-4.21572330033099,129.61947563212289,ais,15864,5500,True,False,9999.99,3bb75810a96a5310t,MEDIUM,,,,,3bb75810a96a5310t_049.31122165631300191535_-04.21572330033098996438
50.5490694123296,-3.08265882621594,161.69246747699867,ais,2172,13751,True,False,9999.99,3bb75810a96a5310t,MEDIUM,,,,,3bb75810a96a5310t_050.54906941232960093657_-03.08265882621594000668
49.3898682310189,-4.48684226158025,141.91919928225505,ais,14954,3547,True,False,9999.99,3bb75810a96a5310t,MEDIUM,,,,,3bb75810a96a5310t_049.38986823101890166754_-04.48684226158025012410
49.9946792307551,-2.8565367811938,141.4903162871393,ais,8335,15365,True,False,9999.99,3bb75810a96a5310t,MEDIUM,,,,,3bb75810a96a5310t_049.99467923075509645514_-02.85653678119380005640
48.8935071772714,-1.74976691334098,16.433315378907693,ais,20503,23501,True,False,5.241891473724427,3bb75810a96a5310t,MEDIUM,,,,,3bb75810a96a5310t_048.89350717727140249735_-01.74976691334097989028
48.888335264592,-1.70501396276769,21.82756556863397,ais,20555,23830,True,False,8.300549896305451,3bb75810a96a5310t,MEDIUM,,,,,3bb75810a96a5310t_048.88833526459200129466_-01.70501396276768990568
49.9358119407912,-3.65015796562037,202.0827746067266,ais,8971,9671,True,False,9999.99,3bb75810a96a5310t,MEDIUM,,,,,3bb75810a96a5310t_049.93581194079119711660_-03.65015796562036998196
49.4970205396249,-2.94587877729789,15.15891330198254,ais,13869,14729,True,False,9999.99,3bb75810a96a5310t,MEDIUM,,,,,3bb75810a96a5310t_049.49702053962489856076_-02.94587877729789004988
50.2348258222051,-4.54413084715999,12.379300051088888,ais,5552,3325,True,False,9.402400756802887,3bb75810a96a5310t,MEDIUM,,,,,3bb75810a96a5310t_050.23482582220510295201_-04.54413084715999016083
49.9684737810642,-1.92418471552224,112.46741617507833,ais,8572,22052,True,False,9999.99,3bb75810a96a5310t,MEDIUM,,,,,3bb75810a96a5310t_049.96847378106419768073_-01.92418471552224001897
50.0666127032981,-1.36418660057875,121.027069614015,ais,7408,26044,True,False,9999.99,3bb75810a96a5310t,MEDIUM,,,,,3bb75810a96a5310t_050.06661270329809809709_-01.36418660057874996383
50.1051125413808,-1.32318140544365,153.1671295052029,ais,6974,26328,True,False,9999.99,3bb75810a96a5310t,MEDIUM,,,,,3bb75810a96a5310t_050.10511254138079806353_-01.32318140544364992728
49.9824145376527,-2.80693315722038,88.40546738409819,ais,8471,15721,True,False,9999.99,3bb75810a96a5310t,MEDIUM,,,,,3bb75810a96a5310t_049.98241453765270136955_-02.80693315722038017057
50.1140731853384,-2.34388701778321,104.59208330199267,ais,6988,19028,True,False,9999.99,3bb75810a96a5310t,MEDIUM,,,,,3bb75810a96a5310t_050.11407318533839827523_-02.34388701778321006941
50.2241049305379,-1.66153110925584,122.75593936468124,ais,5700,23884,True,False,9999.99,3bb75810a96a5310t,MEDIUM,,,,,3bb75810a96a5310t_050.22410493053789792839_-01.66153110925584002189
49.150470544785,-2.10233587409186,15.589468639732686,ais,17683,20883,True,False,1.3808831714939755,3bb75810a96a5310t,MEDIUM,,,,,3bb75810a96a5310t_049.15047054478500143659_-02.10233587409185984640
49.8300292815624,-2.65462154022284,98.18700285349227,ais,10161,16821,True,False,9999.99,3bb75810a96a5310t,MEDIUM,,,,,3bb75810a96a5310t_049.83002928156240329827_-02.65462154022283991495
49.5161674273492,-4.16466660430278,108.22,ais,13591,5907,True,False,9999.99,3bb75810a96a5310t,MEDIUM,,,,,3bb75810a96a5310t_049.51616742734920251223_-04.16466660430277979543
49.6243984053414,-3.40594258416267,142.59291744143306,ais,12445,11405,True,False,9999.99,3bb75810a96a5310t,MEDIUM,,,,,3bb75810a96a5310t_049.62439840534140245154_-03.40594258416266981726
49.8505308898548,-2.62585256832419,229.63174367254445,ais,9932,17026,True,False,9999.99,3bb75810a96a5310t,MEDIUM,,,,,3bb75810a96a5310t_049.85053088985480229667_-02.62585256832419000617
49.9585134973966,-1.90660553407721,101.14693858931288,ais,8681,22179,True,False,9999.99,3bb75810a96a5310t,MEDIUM,,,,,3bb75810a96a5310t_049.95851349739660207661_-01.90660553407720989583
49.3210020504722,-4.11838756514387,99.2979797569734,ais,15766,6209,True,False,9999.99,3bb75810a96a5310t,MEDIUM,,,,,3bb75810a96a5310t_049.32100205047220242704_-04.11838756514386972185
50.0569784603142,-2.72469180467414,205.29211514608983,ais,7640,16308,True,False,9999.99,3bb75810a96a5310t,MEDIUM,,,,,3bb75810a96a5310t_050.05697846031419828705_-02.72469180467414018310
49.9999030493207,-2.79571886711249,183.21,ais,8276,15801,True,False,9999.99,3bb75810a96a5310t,MEDIUM,,,,,3bb75810a96a5310t_049.99990304932070017685_-02.79571886711249018020
50.0583797289688,-3.81279346176152,145.22570802958072,ais,7596,8519,True,False,9999.99,3bb75810a96a5310t,MEDIUM,,,,,3bb75810a96a5310t_050.05837972896880216922_-03.81279346176151978653
49.8430676888852,-4.62849866350917,137.7915901981935,ais,9895,2628,True,False,9999.99,3bb75810a96a5310t,MEDIUM,,,,,3bb75810a96a5310t_049.84306768888519911798_-04.62849866350916983038
49.8736373742888,-3.66135026610487,13.380663166156248,ais,9661,9585,True,False,9999.99,3bb75810a96a5310t,MEDIUM,,,,,3bb75810a96a5310t_049.87363737428879773006_-03.66135026610486979948
50.4961338455696,-2.50823834746524,14.549866772786,ais,2749,17825,True,False,4.127435946913707,3bb75810a96a5310t,MEDIUM,,,,,3bb75810a96a5310t_050.49613384556960227201_-02.50823834746524010342
50.3131891058645,-1.02848517127483,172.52225398045462,ais,4609,28374,True,False,9999.99,3bb75810a96a5310t,MEDIUM,,,,,3bb75810a96a5310t_050.31318910586450243727_-01.02848517127482996791
49.5761255757891,-3.52012578189904,129.24918527415318,ais,12977,10577,True,False,9999.99,3bb75810a96a5310t,MEDIUM,,,,,3bb75810a96a5310t_049.57612557578909928679_-03.52012578189903990733
49.1399313880194,-2.02300448202146,,ais,17793,21463,True,False,2.3612339240059934,3bb75810a96a5310t,MEDIUM,,,,,3bb75810a96a5310t_049.13993138801939863924_-02.02300448202145988219
50.2610052988379,-3.14997318249058,85.11278070540098,ais,5374,13268,True,False,9999.99,3bb75810a96a5310t,MEDIUM,,,,,3bb75810a96a5310t_050.26100529883790102303_-03.14997318249058011475
49.3317423739827,-4.24284496957562,154.27385054779643,ais,15632,5307,True,False,9999.99,3bb75810a96a5310t,MEDIUM,,,,,3bb75810a96a5310t_049.33174237398269923460_-04.24284496957561962915
50.2850048611745,-1.3830912970887,91.58915508896148,ais,4983,25856,True,False,9999.99,3bb75810a96a5310t,MEDIUM,,,,,3bb75810a96a5310t_050.28500486117449952417_-01.38309129708869993358
49.1370932922707,-2.12806233763178,15.465571981871427,ais,17834,20697,True,False,2.472807797808638,3bb75810a96a5310t,MEDIUM,,,,,3bb75810a96a5310t_049.13709329227069844137_-02.12806233763178020979
49.9915572246486,-1.85560277114112,102.2522449387367,ais,8308,22540,True,False,9999.99,3bb75810a96a5310t,MEDIUM,,,,,3bb75810a96a5310t_049.99155722464860218679_-01.85560277114112004426
50.0516935726207,-2.45827176275764,174.3623936992184,ais,7688,18215,True,False,9999.99,3bb75810a96a5310t,MEDIUM,,,,,3bb75810a96a5310t_050.05169357262069951275_-02.45827176275764003321
49.7044858762876,-3.72721080096571,213.3669688439213,ais,11537,9093,True,False,9999.99,3bb75810a96a5310t,MEDIUM,,,,,3bb75810a96a5310t_049.70448587628759895551_-03.72721080096571011353
50.2292069167215,-1.67930586216039,126.2173784440224,ais,5645,23757,True,False,9999.99,3bb75810a96a5310t,MEDIUM,,,,,3bb75810a96a5310t_050.22920691672150184104_-01.67930586216039001712
49.8507871796547,-2.7307797837618,145.6958712662787,ais,9933,16272,True,False,9999.99,3bb75810a96a5310t,MEDIUM,,,,,3bb75810a96a5310t_049.85078717965470218587_-02.73077978376179997255
49.9287212744663,-2.09035858719191,140.44206274843668,ais,9030,20866,True,False,9999.99,3bb75810a96a5310t,MEDIUM,,,,,3bb75810a96a5310t_049.92872127446629804126_-02.09035858719190992261
50.0165461116153,-1.60626355238416,107.37982254598349,ais,8000,24322,True,False,9999.99,3bb75810a96a5310t,MEDIUM,,,,,3bb75810a96a5310t_050.01654611161529828678_-01.60626355238415996496
50.197260285167,-1.71897849283926,130.61425558442932,ais,6005,23480,True,False,9999.99,3bb75810a96a5310t,MEDIUM,,,,,3bb75810a96a5310t_050.19726028516699756210_-01.71897849283925996389
50.3888300891677,-2.87959855971097,14.621384712318571,ais,3953,15193,True,False,9999.99,3bb75810a96a5310t,MEDIUM,,,,,3bb75810a96a5310t_050.38883008916769767893_-02.87959855971097011818
50.36936991892,-2.61529230232418,16.321598491736367,ais,4163,17073,True,False,9999.99,3bb75810a96a5310t,MEDIUM,,,,,3bb75810a96a5310t_050.36936991892000037296_-02.61529230232418008484
50.4347191187092,-3.4231281258322,270.11705754040275,ais,3435,11332,True,False,5.097526997748444,3bb75810a96a5310t,MEDIUM,,,,,3bb75810a96a5310t_050.43471911870919655030_-03.42312812583219994167
49.9369121738445,-2.09259095660111,114.08419339759683,ais,8939,20848,True,False,9999.99,3bb75810a96a5310t,MEDIUM,,,,,3bb75810a96a5310t_049.93691217384449743122_-02.09259095660110983061
49.8239521733967,-3.34619921664554,279.38981911202274,ais,10229,11847,True,False,9999.99,3bb75810a96a5310t,MEDIUM,,,,,3bb75810a96a5310t_049.82395217339669812873_-03.34619921664554009766
49.6994847402454,-3.36237334002738,158.23388569452894,ais,11612,11724,True,False,9999.99,3bb75810a96a5310t,MEDIUM,,,,,3bb75810a96a5310t_049.69948474024540274741_-03.36237334002737986438
50.2613238212182,-4.02025616766251,53.502475983011,ais,5322,7065,True,False,3.263482212988156,3bb75810a96a5310t,MEDIUM,,,,,3bb75810a96a5310t_050.26132382121819830445_-04.02025616766251037149
49.6938681664917,-3.59356432010414,81.20755571415553,ais,11664,10056,True,False,9999.99,3bb75810a96a5310t,MEDIUM,,,,,3bb75810a96a5310t_049.69386816649169702487_-03.59356432010413984202
49.3832549080165,-3.95481981037392,53.86002212477742,ais,15090,7407,True,False,9999.99,3bb75810a96a5310t,MEDIUM,,,,,3bb75810a96a5310t_049.38325490801649664263_-03.95481981037392005263
50.1826073032119,-1.07593454699139,106.9916987709,ais,6070,28073,True,False,9999.99,3bb75810a96a5310t,MEDIUM,,,,,3bb75810a96a5310t_050.18260730321190266068_-01.07593454699138990627
49.8936120560406,-2.50118107952343,146.90827692089044,ais,9448,17920,True,False,9999.99,3bb75810a96a5310t,MEDIUM,,,,,3bb75810a96a5310t_049.89361205604060245378_-02.50118107952342993983
50.527353301351,-3.439011133707,89.135279864933,ais,2404,11225,True,False,3.687179722993735,3bb75810a96a5310t,MEDIUM,,,,,3bb75810a96a5310t_050.52735330135099900417_-03.43901113370699995642
50.3922160755795,-3.43500298251842,12.783032637226665,ais,3907,11245,True,False,3.836243816518495,3bb75810a96a5310t,MEDIUM,,,,,3bb75810a96a5310t_050.39221607557949766942_-03.43500298251841984509
50.4384229318181,-3.35881455025065,193.1136574937188,ais,3396,11789,True,False,9.224859997633983,3bb75810a96a5310t,MEDIUM,,,,,3bb75810a96a5310t_050.43842293181810276792_-03.35881455025065012165
50.077115198402,-1.42576232391746,79.29714367664587,ais,7301,25601,True,False,9999.99,3bb75810a96a5310t,MEDIUM,,,,,3bb75810a96a5310t_050.07711519840199798637_-01.42576232391745993944
49.8876980852964,-3.23248587682872,145.28172179524242,ais,9523,12667,True,False,9999.99,3bb75810a96a5310t,MEDIUM,,,,,3bb75810a96a5310t_049.88769808529639959715_-03.23248587682871990623
49.6969538449675,-3.71453745348564,25.47357039108461,ais,11622,9184,True,False,9999.99,3bb75810a96a5310t,MEDIUM,,,,,3bb75810a96a5310t_049.69695384496750278913_-03.71453745348564012829
49.8744857482085,-2.49725050250288,217.49858233003863,ais,9660,17949,True,False,9999.99,3bb75810a96a5310t,MEDIUM,,,,,3bb75810a96a5310t_049.87448574820849955813_-02.49725050250287994302
49.9135644507223,-3.03957363100788,77.85634645350552,ais,9238,14053,True,False,9999.99,3bb75810a96a5310t,MEDIUM,,,,,3bb75810a96a5310t_049.91356445072229774951_-03.03957363100788002797
49.5091737261369,-4.2483229403873,117.75329865802286,ais,13659,5300,True,False,9999.99,3bb75810a96a5310t,MEDIUM,,,,,3bb75810a96a5310t_049.50917372613690048411_-04.24832294038730040597
49.5472941751739,-4.14908464848001,176.2062792564376,ais,13247,6025,True,False,9999.99,3bb75810a96a5310t,MEDIUM,,,,,3bb75810a96a5310t_049.54729417517390288594_-04.14908464848001035108
49.7507796017461,-3.71233023788128,175.4776492437642,ais,11024,9205,True,False,9999.99,3bb75810a96a5310t,MEDIUM,,,,,3bb75810a96a5310t_049.75077960174610325339_-03.71233023788128013720
49.8391589321214,-2.59801391219029,106.50102642828338,ais,10058,17227,True,False,9999.99,3bb75810a96a5310t,MEDIUM,,,,,3bb75810a96a5310t_049.83915893212139991419_-02.59801391219028987578
50.2635783609698,-4.15247374903529,67.40460760657686,ais,5283,6123,True,False,5.981767831076202,3bb75810a96a5310t,MEDIUM,,,,,3bb75810a96a5310t_050.26357836096980236107_-04.15247374903529031798
49.8864826295707,-1.65231752800207,101.9727438567667,ais,9452,24018,True,False,9999.99,3bb75810a96a5310t,MEDIUM,,,,,3bb75810a96a5310t_049.88648262957070045331_-01.65231752800207010168
49.6239573396816,-3.93587676714192,94.65112957419608,ais,12416,7578,True,False,9999.99,3bb75810a96a5310t,MEDIUM,,,,,3bb75810a96a5310t_049.62395733968160271843_-03.93587676714192014060
49.8708746682635,-1.15660337529452,151.56317334431466,ais,9550,27583,True,False,9999.99,3bb75810a96a5310t,MEDIUM,,,,,3bb75810a96a5310t_049.87087466826349668736_-01.15660337529451995309
50.0861584685206,-1.89768506768676,132.40892798447413,ais,7261,22223,True,False,9999.99,3bb75810a96a5310t,MEDIUM,,,,,3bb75810a96a5310t_050.08615846852060116134_-01.89768506768676004093
49.357098855365,-4.69923708910654,24.99,ais,15286,1997,True,True,9999.99,3bb75810a96a5310t,MEDIUM,,,,,3bb75810a96a5310t_049.35709885536500252101_-04.69923708910654003290
49.7034476175781,-4.1739776463537,28.0,ais,11508,5872,True,True,9999.99,3bb75810a96a5310t,MEDIUM,,,,,3bb75810a96a5310t_049.70344761757809948222_-04.17397764635370016606
49.7101361957594,-3.28088515285949,29.86,ais,11496,12312,True,True,9999.99,3bb75810a96a5310t,MEDIUM,,,,,3bb75810a96a5310t_049.71013619575939657125_-03.28088515285949000599
49.7168298627716,-4.40222829569174,20.5,ais,11331,4229,True,True,9999.99,3bb75810a96a5310t,MEDIUM,,,,,3bb75810a96a5310t_049.71682986277159699284_-04.40222829569173956799
50.3287476778305,-3.42104153795893,9.34,ais,4613,11340,True,True,6.841971013948256,3bb75810a96a5310t,MEDIUM,,,,,3bb75810a96a5310t_050.32874767783049918535_-03.42104153795893006773
49.7071189466221,-3.90527117772443,26.2,ais,11494,7810,True,True,9999.99,3bb75810a96a5310t,MEDIUM,,,,,3bb75810a96a5310t_049.70711894662210283968_-03.90527117772443022048
49.9635441163581,-3.6019012369479,23.97,ais,8665,10020,True,True,9999.99,3bb75810a96a5310t,MEDIUM,,,,,3bb75810a96a5310t_049.96354411635810066628_-03.60190123694790020892
49.7735071570731,-3.73942851298498,18.35,ais,10769,9013,True,True,9999.99,3bb75810a96a5310t,MEDIUM,,,,,3bb75810a96a5310t_049.77350715707309802838_-03.73942851298498002421
50.0690053487281,-4.33840905180914,11.95,ais,7424,4759,True,True,9999.99,3bb75810a96a5310t,MEDIUM,,,,,3bb75810a96a5310t_050.06900534872809771514_-04.33840905180913960493
49.6876297826863,-4.36173571574251,19.6,ais,11661,4515,True,True,9999.99,3bb75810a96a5310t,MEDIUM,,,,,3bb75810a96a5310t_049.68762978268630092771_-04.36173571574251006666
49.7598017703242,-4.57883657834042,23.97,ais,10828,2966,True,True,9999.99,3bb75810a96a5310t,MEDIUM,,,,,3bb75810a96a5310t_049.75980177032420215255_-04.57883657834041990498
50.3850358902393,-2.33930923869264,17.68,ais,3975,19034,True,True,9999.99,3bb75810a96a5310t,MEDIUM,,,,,3bb75810a96a5310t_050.38503589023930118174_-02.33930923869263995840
49.4012363745957,-3.01517473270577,21.06,ais,14934,14227,True,True,9999.99,3bb75810a96a5310t,MEDIUM,,,,,3bb75810a96a5310t_049.40123637459569749808_-03.01517473270576985556
49.4874532718462,-4.75261636480461,24.65,ais,13828,1644,True,True,9999.99,3bb75810a96a5310t,MEDIUM,,,,,3bb75810a96a5310t_049.48745327184619924310_-04.75261636480461024945
49.3725442166142,-4.70129016434286,24.95,ais,15114,1986,True,True,9999.99,3bb75810a96a5310t,MEDIUM,,,,,3bb75810a96a5310t_049.37254421661420167311_-04.70129016434286040038
50.1380916649621,-2.2264470372119,22.5,ais,6713,19865,True,True,9999.99,3bb75810a96a5310t,MEDIUM,,,,,3bb75810a96a5310t_050.13809166496209712705_-02.22644703721190007073
50.1873013612463,-3.77312974235574,18.35,ais,6166,8818,True,True,2.45953406252414,3bb75810a96a5310t,MEDIUM,,,,,3bb75810a96a5310t_050.18730136124629837013_-03.77312974235573994619
49.6751978837529,-4.37179957150234,19.17,ais,11798,4440,True,True,9999.99,3bb75810a96a5310t,MEDIUM,,,,,3bb75810a96a5310t_049.67519788375290090698_-04.37179957150233988727
49.3165988850606,-2.8672252402884,22.75,ais,15874,15302,True,True,9999.99,3bb75810a96a5310t,MEDIUM,,,,,3bb75810a96a5310t_049.31659888506059985502_-02.86722524028840020094
50.1302651436394,-3.86313960957416,14.97,ais,6793,8168,True,True,9.478860708534965,3bb75810a96a5310t,MEDIUM,,,,,3bb75810a96a5310t_050.13026514363939867280_-03.86313960957415991615
49.9150255836431,-4.02950604243668,33.53,ais,9171,6946,True,True,9999.99,3bb75810a96a5310t,MEDIUM,,,,,3bb75810a96a5310t_049.91502558364310004890_-04.02950604243668042415
49.1327430154789,-3.86309913156971,17.33,ais,17883,8041,True,True,9999.99,3bb75810a96a5310t,MEDIUM,,,,,3bb75810a96a5310t_049.13274301547890132724_-03.86309913156970985426
50.1934680162371,-3.85433143880935,10.136488024786958,ais,6091,8239,True,True,3.090170038484893,3bb75810a96a5310t,MEDIUM,,,,,3bb75810a96a5310t_050.19346801623709808382_-03.85433143880934991898
50.2677454075902,-4.46773662704661,7.32,ais,5197,3877,True,True,6.808650016080803,3bb75810a96a5310t,MEDIUM,,,,,3bb75810a96a5310t_050.26774540759019771485_-04.46773662704660967648
49.5445169376046,-3.05417685060333,29.16,ais,13341,13945,True,True,9999.99,3bb75810a96a5310t,MEDIUM,,,,,3bb75810a96a5310t_049.54451693760459818350_-03.05417685060332999569
50.1911821519579,-4.16852228257445,9.95,ais,6086,5996,True,True,9999.99,3bb75810a96a5310t,MEDIUM,,,,,3bb75810a96a5310t_050.19118215195789645122_-04.16852228257445034387
49.7766042701758,-3.79976670195088,22.3,ais,10730,8579,True,True,9999.99,3bb75810a96a5310t,MEDIUM,,,,,3bb75810a96a5310t_049.77660427017580246911_-03.79976670195088006565
49.7476009880673,-4.14586496216513,25.343009628525,ais,11020,6082,True,True,9999.99,3bb75810a96a5310t,MEDIUM,,,,,3bb75810a96a5310t_049.74760098806729757825_-04.14586496216513022972
49.2630437925159,-3.22915834508906,23.95,ais,16468,12670,True,True,9999.99,3bb75810a96a5310t,MEDIUM,,,,,3bb75810a96a5310t_049.26304379251590148669_-03.22915834508905996714
49.3781315715031,-4.36022693922579,20.4,ais,15102,4463,True,True,9999.99,3bb75810a96a5310t,MEDIUM,,,,,3bb75810a96a5310t_049.37813157150309706367_-04.36022693922579041015
50.4133340495028,-3.21591579904275,23.99,ais,3679,12803,True,True,9999.99,3bb75810a96a5310t,MEDIUM,,,,,3bb75810a96a5310t_050.41333404950280083767_-03.21591579904275004509
49.9806332916069,-3.98235562109201,22.18,ais,8446,7294,True,True,9999.99,3bb75810a96a5310t,MEDIUM,,,,,3bb75810a96a5310t_049.98063329160689960418_-03.98235562109200991188
49.3971616976247,-3.08036163274554,31.99,ais,14979,13754,True,True,9999.99,3bb75810a96a5310t,MEDIUM,,,,,3bb75810a96a5310t_049.39716169762470343585_-03.08036163274553986824
49.3482397171979,-4.67660060063156,24.95,ais,15388,2160,True,True,9999.99,3bb75810a96a5310t,MEDIUM,,,,,3bb75810a96a5310t_049.34823971719789881263_-04.67660060063156013399
50.0837399808854,-2.65308668447189,23.6,ais,7340,16819,True,True,9999.99,3bb75810a96a5310t,MEDIUM,,,,,3bb75810a96a5310t_050.08373998088539735818_-02.65308668447188988893
49.3510239973886,-2.15624717872255,16.435,ais,15458,20465,True,True,9.363833697410978,3bb75810a96a5310t,MEDIUM,,,,,3bb75810a96a5310t_049.35102399738860157186_-02.15624717872255011741
49.386720075761,-2.60786464678858,14.32,ais,15088,17183,True,True,2.7538707778154072,3bb75810a96a5310t,MEDIUM,,,,,3bb75810a96a5310t_049.38672007576099787229_-02.60786464678858020960
49.3101159612216,-2.032575488695,14.627275396094,ais,15902,21369,True,True,7.288590902246309,3bb75810a96a5310t,MEDIUM,,,,,3bb75810a96a5310t_049.31011596122159801325_-02.03257548869500004329
50.1195363347083,-3.42563834081147,25.5,ais,6939,11294,True,True,9999.99,3bb75810a96a5310t,MEDIUM,,,,,3bb75810a96a5310t_050.11953633470830027363_-03.42563834081146989519
49.4991756015394,-3.75366989288832,15.98,ais,13818,8880,True,True,9999.99,3bb75810a96a5310t,MEDIUM,,,,,3bb75810a96a5310t_049.49917560153939888323_-03.75366989288832009208
49.9935829720425,-4.06307988240909,14.96,ais,8294,6717,True,True,9999.99,3bb75810a96a5310t,MEDIUM,,,,,3bb75810a96a5310t_049.99358297204250334289_-04.06307988240908990463
49.3884767191555,-4.32766502681382,14.95,ais,14991,4702,True,True,9999.99,3bb75810a96a5310t,MEDIUM,,,,,3bb75810a96a5310t_049.38847671915549852883_-04.32766502681382014828
49.648147615139,-3.13451159695106,27.886565482387123,ais,12188,13366,True,True,9999.99,3bb75810a96a5310t,MEDIUM,,,,,3bb75810a96a5310t_049.64814761513900265300_-03.13451159695105996406
49.3934960281854,-3.20713930326327,24.0,ais,15018,12834,True,True,9999.99,3bb75810a96a5310t,MEDIUM,,,,,3bb75810a96a5310t_049.39349602818540319049_-03.20713930326326979170
49.9980542815888,-3.33452515546601,126.15493403181868,ais,8294,11942,True,False,9999.99,343a331c9517d53ct,MEDIUM,,,,,343a331c9517d53ct_049.99805428158880005185_-03.33452515546601002683
49.9127420214471,-2.37412128350151,161.07364037338075,ais,9229,18833,True,False,9999.99,343a331c9517d53ct,MEDIUM,,,,,343a331c9517d53ct_049.91274202144710159246_-02.37412128350150997136
49.9156602363183,-3.20446915035305,139.92565895716157,ais,9213,12872,True,False,9999.99,343a331c9517d53ct,MEDIUM,,,,,343a331c9517d53ct_049.91566023631830262275_-03.20446915035305002206
49.8592739208425,-3.57455055809776,128.68076057690638,ais,9826,10210,True,False,9999.99,343a331c9517d53ct,MEDIUM,,,,,343a331c9517d53ct_049.85927392084249731852_-03.57455055809775990028
49.3037425207221,-4.74765019206477,169.23931899837996,ais,15871,1635,True,False,9999.99,343a331c9517d53ct,MEDIUM,,,,,343a331c9517d53ct_049.30374252072210339293_-04.74765019206476956981
49.5010757664951,-1.9656952675399,87.06477396390227,ais,13773,21829,True,False,6.059874382475514,343a331c9517d53ct,MEDIUM,,,,,343a331c9517d53ct_049.50107576649509866229_-01.96569526753989998191
49.9489653430636,-2.05396313128842,69.76246364080457,ais,8802,21127,True,False,9999.99,343a331c9517d53ct,MEDIUM,,,,,343a331c9517d53ct_049.94896534306359825450_-02.05396313128842011864
49.7762377637184,-3.08948838096492,114.63347313779062,ais,10765,13695,True,False,9999.99,343a331c9517d53ct,MEDIUM,,,,,343a331c9517d53ct_049.77623776371839880994_-03.08948838096491984473
50.0429693463156,-2.67399473017199,107.98908293202108,ais,7795,16674,True,False,9999.99,343a331c9517d53ct,MEDIUM,,,,,343a331c9517d53ct_050.04296934631560134221_-02.67399473017198996416
49.5105549854662,-3.67742781597271,164.4647295557147,ais,13697,9436,True,False,9999.99,343a331c9517d53ct,MEDIUM,,,,,343a331c9517d53ct_049.51055498546620015077_-03.67742781597271006788
50.274070167863,-1.40388815125056,118.02702321801718,ais,5108,25713,True,False,9999.99,343a331c9517d53ct,MEDIUM,,,,,343a331c9517d53ct_050.27407016786300175681_-01.40388815125056010125
49.4596098163589,-4.29253083047529,185.102265184024,ais,14205,4973,True,False,9999.99,343a331c9517d53ct,MEDIUM,,,,,343a331c9517d53ct_049.45960981635889908148_-04.29253083047528960492
49.4252676854214,-4.49241826743433,233.16168665195588,ais,14560,3517,True,False,9999.99,343a331c9517d53ct,MEDIUM,,,,,343a331c9517d53ct_049.42526768542140302998_-04.49241826743432959290
50.5089233313078,-3.46106039378455,253.1094220153963,ais,2609,11070,True,False,2.916885617340791,343a331c9517d53ct,MEDIUM,,,,,343a331c9517d53ct_050.50892333130779832118_-03.46106039378455010436
49.5147631906369,-4.20120361025477,112.66207747790833,ais,13603,5645,True,False,9999.99,343a331c9517d53ct,MEDIUM,,,,,343a331c9517d53ct_049.51476319063689857103_-04.20120361025476984906
50.0767234101406,-2.02910669364419,80.99311791778003,ais,7379,21287,True,False,9999.99,343a331c9517d53ct,MEDIUM,,,,,343a331c9517d53ct_050.07672341014060179987_-02.02910669364419016247
50.2447557756286,-4.18111167367399,123.77344295257,ais,5489,5918,True,False,7.6880708299359615,343a331c9517d53ct,MEDIUM,,,,,343a331c9517d53ct_050.24475577562859740510_-04.18111167367398994799
50.4736808596828,-2.65599239668147,33.76119005973333,ais,3005,16781,True,False,9999.99,343a331c9517d53ct,MEDIUM,,,,,343a331c9517d53ct_050.47368085968280126963_-02.65599239668146980264
49.634015832107,-3.26058329072975,71.70137494786476,ais,12343,12458,True,False,9999.99,343a331c9517d53ct,MEDIUM,,,,,343a331c9517d53ct_049.63401583210700351856_-03.26058329072975006113
49.7109114631609,-3.11244832912567,113.53561389449018,ais,11491,13529,True,False,9999.99,343a331c9517d53ct,MEDIUM,,,,,343a331c9517d53ct_049.71091146316089748325_-03.11244832912566993244
49.6634820973746,-3.28697859930006,175.05067952076334,ais,12015,12269,True,False,9999.99,343a331c9517d53ct,MEDIUM,,,,,343a331c9517d53ct_049.66348209737459740154_-03.28697859930006019979
49.7152939931035,-3.55791928909843,173.37632458941962,ais,11428,10318,True,False,9999.99,343a331c9517d53ct,MEDIUM,,,,,343a331c9517d53ct_049.71529399310350072483_-03.55791928909843013784
49.9519930706685,-4.31047661498099,201.87402834543107,ais,8729,4939,True,False,9999.99,343a331c9517d53ct,MEDIUM,,,,,343a331c9517d53ct_049.95199307066850025194_-04.31047661498099010657
50.4470185517656,-3.36378851876892,193.1136574937188,ais,3301,11757,True,False,8.675099728828263,343a331c9517d53ct,MEDIUM,,,,,343a331c9517d53ct_050.44701855176560201244_-03.36378851876891982187
49.9620229026345,-2.87284497901326,75.14713418954588,ais,8699,15252,True,False,9999.99,343a331c9517d53ct,MEDIUM,,,,,343a331c9517d53ct_049.96202290263450151997_-02.87284497901325996949
49.9025386190803,-4.04115047723494,205.78696088834823,ais,9309,6863,True,False,9999.99,343a331c9517d53ct,MEDIUM,,,,,343a331c9517d53ct_049.90253861908030330596_-04.04115047723493958642
49.9805934907999,-2.99840304995835,227.9092741657336,ais,8493,14351,True,False,9999.99,343a331c9517d53ct,MEDIUM,,,,,343a331c9517d53ct_049.98059349079989743814_-02.99840304995835005286
49.9694807482321,-2.11058187291211,171.62925966272604,ais,8579,20718,True,False,9999.99,343a331c9517d53ct,MEDIUM,,,,,343a331c9517d53ct_049.96948074823210106388_-02.11058187291210996861
49.6573029117793,-3.87440178397719,85.67542273976308,ais,12051,8029,True,False,9999.99,343a331c9517d53ct,MEDIUM,,,,,343a331c9517d53ct_049.65730291177929700552_-03.87440178397719003911
50.1474721320072,-1.8968059340003,153.06173375888622,ais,6580,22222,True,False,9999.99,343a331c9517d53ct,MEDIUM,,,,,343a331c9517d53ct_050.14747213200720210580_-01.89680593400030006457
50.0141458296871,-2.95671522353961,122.32332946110787,ais,8120,14650,True,False,9999.99,343a331c9517d53ct,MEDIUM,,,,,343a331c9517d53ct_050.01414582968710220712_-02.95671522353960991580
49.8347560060782,-2.65833561358355,227.762201540477,ais,10109,16797,True,False,9999.99,343a331c9517d53ct,MEDIUM,,,,,343a331c9517d53ct_049.83475600607820155119_-02.65833561358354986126
49.7004423912808,-3.20690296747569,116.16525551274589,ais,11606,12848,True,False,9999.99,343a331c9517d53ct,MEDIUM,,,,,343a331c9517d53ct_049.70044239128080221235_-03.20690296747569014713
49.8612286191187,-2.44780225716028,107.04287173883448,ais,9806,18308,True,False,9999.99,343a331c9517d53ct,MEDIUM,,,,,343a331c9517d53ct_049.86122861911869819096_-02.44780225716027999283
49.9116681739576,-2.2987142139639,123.4958626238259,ais,9236,19375,True,False,9999.99,343a331c9517d53ct,MEDIUM,,,,,343a331c9517d53ct_049.91166817395760091358_-02.29871421396389985503
49.8679198943266,-2.64042438641928,56.33535816050144,ais,9740,16924,True,False,9999.99,343a331c9517d53ct,MEDIUM,,,,,343a331c9517d53ct_049.86791989432659732984_-02.64042438641928001175
49.592629941795,-3.95909193717071,166.2773639859611,ais,12763,7408,True,False,9999.99,343a331c9517d53ct,MEDIUM,,,,,343a331c9517d53ct_049.59262994179500338987_-03.95909193717070984064
50.0514581354939,-1.54395988307764,243.2322804546541,ais,7604,24763,True,False,9999.99,343a331c9517d53ct,MEDIUM,,,,,343a331c9517d53ct_050.05145813549390254593_-01.54395988307763998293
50.4945170693026,-3.4748054433347,191.4386903139083,ais,2768,10972,True,False,2.3398016386557825,343a331c9517d53ct,MEDIUM,,,,,343a331c9517d53ct_050.49451706930260286299_-03.47480544333469998364
49.5569936022755,-4.06879846244609,132.20357370734163,ais,13148,6610,True,False,9999.99,343a331c9517d53ct,MEDIUM,,,,,343a331c9517d53ct_049.55699360227549732372_-04.06879846244608955885
49.3834066337973,-4.0249374685016,197.82021537445132,ais,15082,6901,True,False,9999.99,343a331c9517d53ct,MEDIUM,,,,,343a331c9517d53ct_049.38340663379729988947_-04.02493746850159972439
49.8751641023798,-2.52312021247264,294.8871706083109,ais,9655,17766,True,False,9999.99,343a331c9517d53ct,MEDIUM,,,,,343a331c9517d53ct_049.87516410237979869180_-02.52312021247263995605
49.9061666417595,-3.49062038745943,197.06232892309035,ais,9309,10817,True,False,9999.99,343a331c9517d53ct,MEDIUM,,,,,343a331c9517d53ct_049.90616664175949779292_-03.49062038745943015172
49.7589896891765,-3.50134864089906,127.2687906738505,ais,10945,10729,True,False,9999.99,343a331c9517d53ct,MEDIUM,,,,,343a331c9517d53ct_049.75898968917650222465_-03.50134864089906017171
49.0133393014413,-1.89635799147796,21.82756556863397,ais,19188,22410,True,False,9999.99,343a331c9517d53ct,MEDIUM,,,,,343a331c9517d53ct_049.01333930144129880091_-01.89635799147796002551
50.0754004761101,-1.43503783064153,151.75038190467345,ais,7322,25537,True,False,9999.99,343a331c9517d53ct,MEDIUM,,,,,343a331c9517d53ct_050.07540047611009725870_-01.43503783064152989901
50.0019493013964,-2.86968102184681,279.2423865625946,ais,8255,15274,True,False,9999.99,343a331c9517d53ct,MEDIUM,,,,,343a331c9517d53ct_050.00194930139640092648_-02.86968102184681006506
50.1067079418504,-2.21259443729187,219.5761121975376,ais,7061,19970,True,False,9999.99,343a331c9517d53ct,MEDIUM,,,,,343a331c9517d53ct_050.10670794185040222146_-02.21259443729186999761
49.7643160413982,-3.03125725668413,224.31855596940005,ais,10898,14115,True,False,9999.99,343a331c9517d53ct,MEDIUM,,,,,343a331c9517d53ct_049.76431604139820308319_-03.03125725668413004144
49.8694400190121,-3.31708797943394,120.65522335912232,ais,9724,12061,True,False,9999.99,343a331c9517d53ct,MEDIUM,,,,,343a331c9517d53ct_049.86944001901210299366_-03.31708797943394007035
49.601868348868,-4.58482348777277,114.003216540612,ais,12583,2888,True,False,9999.99,343a331c9517d53ct,MEDIUM,,,,,343a331c9517d53ct_049.60186834886800255617_-04.58482348777276982332
49.9535274739973,-1.97789766210056,52.86262179042295,ais,8744,21672,True,False,9999.99,343a331c9517d53ct,MEDIUM,,,,,343a331c9517d53ct_049.95352747399729764766_-01.97789766210055995010
50.3894152522971,-3.37235074276028,15.11922890867931,ais,3941,11693,True,False,8.29908471454663,343a331c9517d53ct,MEDIUM,,,,,343a331c9517d53ct_050.38941525229709839095_-03.37235074276027990692
50.3551428205907,-2.14644752999471,93.38433517534594,ais,4294,20412,True,False,9999.99,343a331c9517d53ct,MEDIUM,,,,,343a331c9517d53ct_050.35514282059070012565_-02.14644752999471011279
49.3102263569419,-4.63871700334474,111.50920718110314,ais,15817,2428,True,False,9999.99,343a331c9517d53ct,MEDIUM,,,,,343a331c9517d53ct_049.31022635694189659716_-04.63871700334474024174
50.0761536793317,-2.52466606973137,96.88504742108262,ais,7420,17741,True,False,9999.99,343a331c9517d53ct,MEDIUM,,,,,343a331c9517d53ct_050.07615367933170347214_-02.52466606973136986625
49.9868278665953,-1.95056310779464,272.0650199229184,ais,8371,21863,True,False,9999.99,343a331c9517d53ct,MEDIUM,,,,,343a331c9517d53ct_049.98682786659529853068_-01.95056310779463992766
49.8034490431108,-3.37393810063272,136.2091034346895,ais,10456,11649,True,False,9999.99,343a331c9517d53ct,MEDIUM,,,,,343a331c9517d53ct_049.80344904311080256321_-03.37393810063271981647
49.2218574650979,-4.46919041586725,158.0,ais,16825,3642,True,False,9999.99,343a331c9517d53ct,MEDIUM,,,,,343a331c9517d53ct_049.22185746509789794345_-04.46919041586725018789
49.3798469132397,-3.99125059695001,116.50491428139816,ais,15125,7145,True,False,9999.99,343a331c9517d53ct,MEDIUM,,,,,343a331c9517d53ct_049.37984691323970309895_-03.99125059695000983240
50.0804705561323,-2.28101981838065,80.2176806746968,ais,7358,19484,True,False,9999.99,343a331c9517d53ct,MEDIUM,,,,,343a331c9517d53ct_050.08047055613229758819_-02.28101981838065004382
49.7868270007076,-2.9267551455318,84.11696037409399,ais,10647,14867,True,False,9999.99,343a331c9517d53ct,MEDIUM,,,,,343a331c9517d53ct_049.78682700070760347444_-02.92675514553179993982
49.3777118171621,-4.52306769160516,246.0584493513853,ais,15084,3284,True,False,9999.99,343a331c9517d53ct,MEDIUM,,,,,343a331c9517d53ct_049.37771181716210122659_-04.52306769160515997896
49.2677111788501,-4.31287622628309,179.41343644650186,ais,16336,4789,True,False,9999.99,343a331c9517d53ct,MEDIUM,,,,,343a331c9517d53ct_049.26771117885009942938_-04.31287622628309019746
50.3967436106081,-2.70565231854815,71.66020920604001,ais,3862,16432,True,False,9999.99,343a331c9517d53ct,MEDIUM,,,,,343a331c9517d53ct_050.39674361060809815172_-02.70565231854814980395
50.3611424788023,-3.28508837991196,25.516266536451287,ais,4258,12312,True,False,9999.99,343a331c9517d53ct,MEDIUM,,,,,343a331c9517d53ct_050.36114247880230010423_-03.28508837991196012140
49.8992747506388,-3.28926762725173,156.85425804353682,ais,9393,12262,True,False,9999.99,343a331c9517d53ct,MEDIUM,,,,,343a331c9517d53ct_049.89927475063880280004_-03.28926762725172983082
50.233661866103,-1.55247620246708,119.878016384625,ais,5579,24663,True,False,9999.99,343a331c9517d53ct,MEDIUM,,,,,343a331c9517d53ct_050.23366186610299877202_-01.55247620246707995761
50.0325442550627,-1.60063624846846,93.55718514729084,ais,7822,24361,True,False,9999.99,343a331c9517d53ct,MEDIUM,,,,,343a331c9517d53ct_050.03254425506270308688_-01.60063624846845997673
49.6855824416961,-3.65816559878272,90.85615596194586,ais,11752,9592,True,False,9999.99,343a331c9517d53ct,MEDIUM,,,,,343a331c9517d53ct_049.68558244169609849905_-03.65816559878272018480
49.8578774252139,-3.22631460511458,44.71575298900476,ais,9855,12713,True,False,9999.99,343a331c9517d53ct,MEDIUM,,,,,343a331c9517d53ct_049.85787742521389986905_-03.22631460511458012519
49.8130308215641,-3.8189712181209,109.65370830598806,ais,10324,8448,True,False,9999.99,343a331c9517d53ct,MEDIUM,,,,,343a331c9517d53ct_049.81303082156409800518_-03.81897121812089990200
49.8911284557191,-2.56523869210165,137.7915901981935,ais,9479,17462,True,False,9999.99,343a331c9517d53ct,MEDIUM,,,,,343a331c9517d53ct_049.89112845571909815590_-02.56523869210165011978
49.9876868281516,-1.83061031803406,104.20817286069172,ais,8349,22722,True,False,9999.99,343a331c9517d53ct,MEDIUM,,,,,343a331c9517d53ct_049.98768682815160246946_-01.83061031803406004670
49.2622382393814,-4.67642253585448,179.98811914672612,ais,16345,2143,True,False,9999.99,343a331c9517d53ct,MEDIUM,,,,,343a331c9517d53ct_049.26223823938139645406_-04.67642253585448042230
49.966521467605,-1.96655506744986,295.6580931526084,ais,8599,21751,True,False,9999.99,343a331c9517d53ct,MEDIUM,,,,,343a331c9517d53ct_049.96652146760499846323_-01.96655506744985997258
50.3262258058538,-1.35596672061602,84.72098242585959,ais,4521,26042,True,False,9999.99,343a331c9517d53ct,MEDIUM,,,,,343a331c9517d53ct_050.32622580585380234197_-01.35596672061601997150
50.0889642220752,-1.35587391970125,154.6782282294294,ais,7159,26101,True,False,9999.99,343a331c9517d53ct,MEDIUM,,,,,343a331c9517d53ct_050.08896422207519805170_-01.35587391970124993001
50.4415985503808,-3.43521235192852,152.70414228339263,ais,3358,11249,True,False,3.960865933024112,343a331c9517d53ct,MEDIUM,,,,,343a331c9517d53ct_050.44159855038080308987_-03.43521235192852003593
49.976027385607,-1.93837114633321,101.02215996749264,ais,8490,21952,True,False,9999.99,343a331c9517d53ct,MEDIUM,,,,,343a331c9517d53ct_049.97602738560699719983_-01.93837114633321005996
49.9898203263154,-2.00157525018258,164.40036926782378,ais,8343,21496,True,False,9999.99,343a331c9517d53ct,MEDIUM,,,,,343a331c9517d53ct_049.98982032631540306511_-02.00157525018257986815
49.7179782585308,-4.27572116017596,154.59900757885836,ais,11335,5144,True,False,9999.99,343a331c9517d53ct,MEDIUM,,,,,343a331c9517d53ct_049.71797825853079899616_-04.27572116017596037807
49.9408888495316,-1.37199076932056,160.2205048518991,ais,8808,26021,True,False,9999.99,343a331c9517d53ct,MEDIUM,,,,,343a331c9517d53ct_049.94088884953160345503_-01.37199076932055996636
49.3122297704018,-2.3889866704288,25.24046417954136,ais,15906,18781,True,False,9999.99,343a331c9517d53ct,MEDIUM,,,,,343a331c9517d53ct_049.31222977040179955566_-02.38898667042880008538
49.90065433843,-3.21372928534312,78.15,ais,9380,12805,True,False,9999.99,343a331c9517d53ct,MEDIUM,,,,,343a331c9517d53ct_049.90065433843000164416_-03.21372928534312007898
50.0447008731556,-3.9201140211086,96.82193207815504,ais,7740,7752,True,False,9999.99,343a331c9517d53ct,MEDIUM,,,,,343a331c9517d53ct_050.04470087315559823082_-03.92011402110860007753
50.2359062302845,-1.6330991820922,126.2173784440224,ais,5565,24088,True,False,9999.99,343a331c9517d53ct,MEDIUM,,,,,343a331c9517d53ct_050.23590623028449897447_-01.63309918209220006347
49.8129109948843,-3.44475764156569,71.0632754184606,ais,10348,11140,True,False,9999.99,343a331c9517d53ct,MEDIUM,,,,,343a331c9517d53ct_049.81291099488429807707_-03.44475764156568997620
50.4406278009727,-2.98688876879908,224.12369041110597,ais,3378,14433,True,False,9999.99,343a331c9517d53ct,MEDIUM,,,,,343a331c9517d53ct_050.44062780097269893531_-02.98688876879907994066
50.0419321678633,-4.17375034867453,97.25748349412588,ais,7745,5935,True,False,9999.99,343a331c9517d53ct,MEDIUM,,,,,343a331c9517d53ct_050.04193216786330111745_-04.17375034867453020837
49.695791438855,-3.10673061619696,99.57472656587429,ais,11659,13570,True,False,9999.99,343a331c9517d53ct,MEDIUM,,,,,343a331c9517d53ct_049.69579143885499661337_-03.10673061619695989322
50.2394166695547,-3.6213561462534,15.848333035295456,ais,5597,9909,True,False,2.2260551685400976,343a331c9517d53ct,MEDIUM,,,,,343a331c9517d53ct_050.23941666955469997902_-03.62135614625340007677
49.1372036096046,-2.12803644842448,,ais,17833,20700,True,False,2.4334973788508734,343a331c9517d53ct,MEDIUM,,,,,343a331c9517d53ct_049.13720360960459743183_-02.12803644842448003160
49.1984708936738,-4.46668218779557,103.68424624756588,ais,17085,3655,True,False,9999.99,343a331c9517d53ct,MEDIUM,,,,,343a331c9517d53ct_049.19847089367380021940_-04.46668218779556980280
50.1970843049147,-2.7916309053417,93.2676673591158,ais,6084,15827,True,False,9999.99,343a331c9517d53ct,MEDIUM,,,,,343a331c9517d53ct_050.19708430491470352308_-02.79163090534169988643
49.4155500953506,-3.84388523222316,104.61871543432405,ais,14741,8219,True,False,9999.99,343a331c9517d53ct,MEDIUM,,,,,343a331c9517d53ct_049.41555009535060349890_-03.84388523222316003114
49.8333663018973,-2.59228022711975,95.48514620861282,ais,10122,17272,True,False,9999.99,343a331c9517d53ct,MEDIUM,,,,,343a331c9517d53ct_049.83336630189729987706_-02.59228022711974981362
49.5398012592728,-3.84204368674546,181.06647876410275,ais,13360,8248,True,False,9999.99,343a331c9517d53ct,MEDIUM,,,,,343a331c9517d53ct_049.53980125927279942744_-03.84204368674545992945
50.0836634857158,-4.14200494336902,13.101747906977778,ais,7285,6170,True,False,9999.99,343a331c9517d53ct,MEDIUM,,,,,343a331c9517d53ct_050.08366348571580317639_-04.14200494336902025339
49.8961274464523,-2.31704016362579,66.5172505369607,ais,9410,19245,True,False,9999.99,343a331c9517d53ct,MEDIUM,,,,,343a331c9517d53ct_049.89612744645229724938_-02.31704016362578979482
50.0390581532628,-2.63107684449191,148.38991581771126,ais,7837,16981,True,False,9999.99,343a331c9517d53ct,MEDIUM,,,,,343a331c9517d53ct_050.03905815326280048794_-02.63107684449190992737
50.1485540356715,-2.09709823988544,109.69196095410312,ais,6587,20790,True,False,9999.99,343a331c9517d53ct,MEDIUM,,,,,343a331c9517d53ct_050.14855403567150204935_-02.09709823988543986317
49.7579268923846,-3.53735401894649,249.97,ais,10955,10469,True,False,9999.99,343a331c9517d53ct,MEDIUM,,,,,343a331c9517d53ct_049.75792689238460297929_-03.53735401894648981980
49.9482308510687,-3.52365854602831,225.44209498366305,ais,8840,10583,True,False,9999.99,343a331c9517d53ct,MEDIUM,,,,,343a331c9517d53ct_049.94823085106870053096_-03.52365854602830985698
49.9503720712788,-2.91522333577474,75.02361500150911,ais,8829,14948,True,False,9999.99,343a331c9517d53ct,MEDIUM,,,,,343a331c9517d53ct_049.95037207127879952395_-02.91522333577474013211
49.5411154058368,-3.48699906521206,156.7428201718239,ais,13368,10816,True,False,9999.99,343a331c9517d53ct,MEDIUM,,,,,343a331c9517d53ct_049.54111540583679840211_-03.48699906521206015597
50.3157583686952,-1.89214876924924,132.95799800265235,ais,4708,22227,True,False,9999.99,343a331c9517d53ct,MEDIUM,,,,,343a331c9517d53ct_050.31575836869519946504_-01.89214876924924002566
50.0119683960726,-2.99294562348068,177.33070440600827,ais,8144,14390,True,False,9999.99,343a331c9517d53ct,MEDIUM,,,,,343a331c9517d53ct_050.01196839607259647664_-02.99294562348068016178
49.56767723498,-3.5828180871454,131.37593571536144,ais,13068,10125,True,False,9999.99,343a331c9517d53ct,MEDIUM,,,,,343a331c9517d53ct_049.56767723498000322024_-03.58281808714539984351
49.8144360731638,-3.50673337765341,191.86432885648333,ais,10328,10694,True,False,9999.99,343a331c9517d53ct,MEDIUM,,,,,343a331c9517d53ct_049.81443607316379740269_-03.50673337765340997763
49.8042580247122,-3.09867012307511,131.15121742347503,ais,10453,13630,True,False,9999.99,343a331c9517d53ct,MEDIUM,,,,,343a331c9517d53ct_049.80425802471219753897_-03.09867012307510991675
49.8051714086292,-3.02134724719147,189.0,ais,10444,14186,True,False,9999.99,343a331c9517d53ct,MEDIUM,,,,,343a331c9517d53ct_049.80517140862919944766_-03.02134724719146996463
49.6982769084956,-3.71153469193376,99.32011700124892,ais,11608,9208,True,False,9999.99,343a331c9517d53ct,MEDIUM,,,,,343a331c9517d53ct_049.69827690849560042352_-03.71153469193375995516
49.8456421021444,-3.49871097026206,149.19526671761076,ais,9982,10754,True,False,9999.99,343a331c9517d53ct,MEDIUM,,,,,343a331c9517d53ct_049.84564210214440294067_-03.49871097026206001601
49.3993632134307,-2.84288297682851,83.7419845989178,ais,14954,15480,True,False,9999.99,343a331c9517d53ct,MEDIUM,,,,,343a331c9517d53ct_049.39936321343070346757_-02.84288297682850998882
49.7639576399612,-3.12803519796642,156.285070776675,ais,10901,13418,True,False,9999.99,343a331c9517d53ct,MEDIUM,,,,,343a331c9517d53ct_049.76395763996119825379_-03.12803519796641982254
49.9865368213088,-2.84248665648056,185.01509733953387,ais,8426,15469,True,False,9999.99,343a331c9517d53ct,MEDIUM,,,,,343a331c9517d53ct_049.98653682130880326895_-02.84248665648056020316
49.8451595891778,-3.8668163622585,88.73087858696884,ais,9963,8108,True,False,9999.99,343a331c9517d53ct,MEDIUM,,,,,343a331c9517d53ct_049.84515958917779698822_-03.86681636225850011712
49.6206999567611,-3.32974996095569,160.63869311550832,ais,12489,11958,True,False,9999.99,343a331c9517d53ct,MEDIUM,,,,,343a331c9517d53ct_049.62069995676110067961_-03.32974996095569020227
49.8665645423529,-4.13754569066122,107.50886618535,ais,9699,6165,True,False,9999.99,343a331c9517d53ct,MEDIUM,,,,,343a331c9517d53ct_049.86656454235289714916_-04.13754569066122002141
50.0918826515853,-2.32206481301187,82.95926556376426,ais,7234,19189,True,False,9999.99,343a331c9517d53ct,MEDIUM,,,,,343a331c9517d53ct_050.09188265158530128929_-02.32206481301186995481
50.0211965843027,-3.28925008264739,30.55,ais,8038,12268,True,True,9999.99,343a331c9517d53ct,MEDIUM,,,,,343a331c9517d53ct_050.02119658430270021654_-03.28925008264738982788
50.2121060111652,-3.48239025091697,27.65,ais,5908,10898,True,True,9999.99,343a331c9517d53ct,MEDIUM,,,,,343a331c9517d53ct_050.21210601116519711695_-03.48239025091696996483
50.0380794442063,-3.54222793604738,26.2,ais,7840,10457,True,True,9999.99,343a331c9517d53ct,MEDIUM,,,,,343a331c9517d53ct_050.03807944420630349214_-03.54222793604738006579
49.7357435390764,-4.48990228589965,23.97,ais,11109,3604,True,True,9999.99,343a331c9517d53ct,MEDIUM,,,,,343a331c9517d53ct_049.73574353907640244188_-04.48990228589964956996
49.7571435696956,-4.13205255354919,28.0,ais,10916,6186,True,True,9999.99,343a331c9517d53ct,MEDIUM,,,,,343a331c9517d53ct_049.75714356969560014932_-04.13205255354919032129
50.0287967655372,-3.2666692217259,31.99,ais,7954,12430,True,True,9999.99,343a331c9517d53ct,MEDIUM,,,,,343a331c9517d53ct_050.02879676553720145193_-03.26666922172590012963
49.8411221284443,-4.39942129201916,23.97,ais,9950,4278,True,True,9999.99,343a331c9517d53ct,MEDIUM,,,,,343a331c9517d53ct_049.84112212844429734560_-04.39942129201916021231
50.0752378402535,-2.7133550525666,24.83,ais,7437,16391,True,True,9999.99,343a331c9517d53ct,MEDIUM,,,,,343a331c9517d53ct_050.07523784025350011007_-02.71335505256659992313
50.4268819775788,-2.74840492509914,18.5,ais,3528,16127,True,True,9999.99,343a331c9517d53ct,MEDIUM,,,,,343a331c9517d53ct_050.42688197757880175232_-02.74840492509913980612
50.4810392865239,-2.86806220479304,34.3,ais,2928,15276,True,True,9999.99,343a331c9517d53ct,MEDIUM,,,,,343a331c9517d53ct_050.48103928652390237630_-02.86806220479303997095
49.7808398892216,-2.09669054420052,15.975,ais,10675,20843,True,True,7.671117788344145,343a331c9517d53ct,MEDIUM,,,,,343a331c9517d53ct_049.78083988922160330048_-02.09669054420051992338
49.4407515842892,-2.50144145296187,14.33,ais,14483,17954,True,True,1.8017737782427958,343a331c9517d53ct,MEDIUM,,,,,343a331c9517d53ct_049.44075158428920246934_-02.50144145296187003780
49.7203986093126,-1.62712140725384,15.95,ais,11296,24235,True,True,6.8955733864517095,343a331c9517d53ct,MEDIUM,,,,,343a331c9517d53ct_049.72039860931260335519_-01.62712140725384002415
49.8013261432134,-3.85738041808585,26.2,ais,10451,8170,True,True,9999.99,343a331c9517d53ct,MEDIUM,,,,,343a331c9517d53ct_049.80132614321340156494_-03.85738041808584997128
49.996084722567,-3.94509677156611,29.86,ais,8278,7566,True,True,9999.99,343a331c9517d53ct,MEDIUM,,,,,343a331c9517d53ct_049.99608472256699798209_-03.94509677156611004989
48.9935433476144,-2.3421617517388,19.57599888015,ais,19446,19152,True,True,9999.99,343a331c9517d53ct,MEDIUM,,,,,343a331c9517d53ct_048.99354334761439844215_-02.34216175173880003513
49.9857241894994,-3.27063770936297,23.99,ais,8433,12399,True,True,9999.99,343a331c9517d53ct,MEDIUM,,,,,343a331c9517d53ct_049.98572418949940043831_-03.27063770936296993597
50.2290341461488,-2.85965703752726,27.886565482387123,ais,5730,15341,True,True,9999.99,343a331c9517d53ct,MEDIUM,,,,,343a331c9517d53ct_050.22903414614879835653_-02.85965703752725985964
50.1773901362575,-3.09693627592189,30.10536695538621,ais,6305,13647,True,True,9999.99,343a331c9517d53ct,MEDIUM,,,,,343a331c9517d53ct_050.17739013625750033043_-03.09693627592189013598
49.747600686135,-4.38990157846037,22.21,ais,10991,4327,True,True,9999.99,343a331c9517d53ct,MEDIUM,,,,,343a331c9517d53ct_049.74760068613500152424_-04.38990157846037032385
50.4633869461969,-2.85850464475218,34.3,ais,3124,15344,True,True,9999.99,343a331c9517d53ct,MEDIUM,,,,,343a331c9517d53ct_050.46338694619689846377_-02.85850464475218002391
50.0800019128234,-3.25745940788261,23.97,ais,7385,12498,True,True,9999.99,343a331c9517d53ct,MEDIUM,,,,,343a331c9517d53ct_050.08000191282339841337_-03.25745940788260979204
50.3552951097284,-2.9829778636419,23.21,ais,4327,14461,True,True,9999.99,343a331c9517d53ct,MEDIUM,,,,,343a331c9517d53ct_050.35529510972840228078_-02.98297786364190020691
49.5545870056577,-3.60501902454744,14.99,ais,13212,9964,True,True,9999.99,343a331c9517d53ct,MEDIUM,,,,,343a331c9517d53ct_049.55458700565770158164_-03.60501902454744005411
50.0161005317787,-2.88345778146123,30.4,ais,8098,15175,True,True,9999.99,343a331c9517d53ct,MEDIUM,,,,,343a331c9517d53ct_050.01610053177869730234_-02.88345778146122988517
50.3432413125324,-3.3133426351147,32.6,ais,4456,12110,True,True,9999.99,343a331c9517d53ct,MEDIUM,,,,,343a331c9517d53ct_050.34324131253239897887_-03.31334263511469995223
50.0067623118779,-2.92323274378609,24.5,ais,8202,14890,True,True,9999.99,343a331c9517d53ct,MEDIUM,,,,,343a331c9517d53ct_050.00676231187789966270_-02.92323274378609010427
49.831093004911,-4.17687170578282,23.0,ais,10089,5876,True,True,9999.99,343a331c9517d53ct,MEDIUM,,,,,343a331c9517d53ct_049.83109300491099702413_-04.17687170578281996569
49.9382564097424,-3.24845862064511,25.5,ais,8961,12557,True,True,9999.99,343a331c9517d53ct,MEDIUM,,,,,343a331c9517d53ct_049.93825640974240087644_-03.24845862064510981781
49.6533950382901,-3.79136319204536,18.35,ais,12101,8628,True,True,9999.99,343a331c9517d53ct,MEDIUM,,,,,343a331c9517d53ct_049.65339503829009970559_-03.79136319204536009764
50.232210968811,-3.18226101732651,30.55,ais,5694,13040,True,True,9999.99,343a331c9517d53ct,MEDIUM,,,,,343a331c9517d53ct_050.23221096881100322662_-03.18226101732651001086
49.5517852455182,-4.18403015403269,181.1638857936009,ais,14947,20454,True,False,9999.99,7c008c1fd6a054b5t,MEDIUM,,,,,7c008c1fd6a054b5t_049.55178524551819663202_-04.18403015403268963013
50.2868959733559,-3.6147256135036,16.71028867385238,ais,6823,24639,True,False,1.618181681098707,7c008c1fd6a054b5t,MEDIUM,,,,,7c008c1fd6a054b5t_050.28689597335589667182_-03.61472561350359988808
49.509614616428,-3.72275960827019,104.20796272225418,ais,15458,23786,True,False,9999.99,7c008c1fd6a054b5t,MEDIUM,,,,,7c008c1fd6a054b5t_049.50961461642800287564_-03.72275960827019014587
49.8907969849381,-4.29329704238522,60.64188434869771,ais,11165,19728,True,False,9999.99,7c008c1fd6a054b5t,MEDIUM,,,,,7c008c1fd6a054b5t_049.89079698493809900128_-04.29329704238521969728
49.4766130933961,-4.34254332946583,217.81234321261744,ais,15763,19292,True,False,9999.99,7c008c1fd6a054b5t,MEDIUM,,,,,7c008c1fd6a054b5t_049.47661309339609658764_-04.34254332946582977115
50.4195050832101,-3.49214575428919,14.378543668552942,ais,5355,25522,True,False,2.423602405117543,7c008c1fd6a054b5t,MEDIUM,,,,,7c008c1fd6a054b5t_050.41950508321009749579_-03.49214575428919005162
50.0966934779325,-5.02840440590616,157.96204581300003,ais,8759,14511,True,False,3.792314393382758,7c008c1fd6a054b5t,MEDIUM,,,,,7c008c1fd6a054b5t_050.09669347793249727374_-05.02840440590616033489
50.1579852332375,-3.68560157701846,79.01071773379721,ais,8252,24121,True,False,5.134138081155093,7c008c1fd6a054b5t,MEDIUM,,,,,7c008c1fd6a054b5t_050.15798523323749691372_-03.68560157701845980682
49.3878330107886,-4.0427685346826,183.0789220536844,ais,16785,21450,True,False,9999.99,7c008c1fd6a054b5t,MEDIUM,,,,,7c008c1fd6a054b5t_049.38783301078859722111_-04.04276853468260011226
50.2552981398397,-4.42697591493662,13.695338487005,ais,7095,18846,True,False,8.839147409754885,7c008c1fd6a054b5t,MEDIUM,,,,,7c008c1fd6a054b5t_050.25529813983970228719_-04.42697591493662034878
50.085034165179,-3.87064064393097,16.13209556305625,ais,9049,22789,True,False,9999.99,7c008c1fd6a054b5t,MEDIUM,,,,,7c008c1fd6a054b5t_050.08503416517900319604_-03.87064064393097018169
49.9833843726631,-5.697450630264,80.33866008398651,ais,9867,9681,True,False,5.626816396362996,7c008c1fd6a054b5t,MEDIUM,,,,,7c008c1fd6a054b5t_049.98338437266310307905_-05.69745063026400000439
50.3417629880367,-5.61903577967487,30.89776314104778,ais,5903,10383,True,False,9999.99,7c008c1fd6a054b5t,MEDIUM,,,,,7c008c1fd6a054b5t_050.34176298803669880044_-05.61903577967486977940
49.8078613672733,-5.1414352148746,113.25167980924816,ais,11947,13610,True,False,9999.99,7c008c1fd6a054b5t,MEDIUM,,,,,7c008c1fd6a054b5t_049.80786136727329704854_-05.14143521487460031238
49.4704329575799,-6.79299166509998,188.0783088298648,ais,15227,1540,True,False,9999.99,7c008c1fd6a054b5t,MEDIUM,,,,,7c008c1fd6a054b5t_049.47043295757990222228_-06.79299166509998020302
49.9865185436289,-4.96978724832852,15.591549004722223,ais,9995,14898,True,False,8.834500507912137,7c008c1fd6a054b5t,MEDIUM,,,,,7c008c1fd6a054b5t_049.98651854362889679351_-04.96978724832851970206
50.4535599998339,-3.4202706537962,152.70414228339263,ais,4980,26034,True,False,4.692844807636936,7c008c1fd6a054b5t,MEDIUM,,,,,7c008c1fd6a054b5t_050.45355999983389949648_-03.42027065379620021091
50.2433522719403,-4.4034777354111,15.66856778679844,ais,7231,19011,True,False,9999.99,7c008c1fd6a054b5t,MEDIUM,,,,,7c008c1fd6a054b5t_050.24335227194030295550_-04.40347773541109965834
49.7247668352141,-4.45023532601238,110.85160594643683,ais,12990,18565,True,False,9999.99,7c008c1fd6a054b5t,MEDIUM,,,,,7c008c1fd6a054b5t_049.72476683521409768218_-04.45023532601237992168
49.8652643066568,-5.24981083337073,45.63879094883234,ais,11286,12850,True,False,9999.99,7c008c1fd6a054b5t,MEDIUM,,,,,7c008c1fd6a054b5t_049.86526430665679754384_-05.24981083337072984563
49.2391387284351,-4.3130910042531,96.30001064780186,ais,18407,19460,True,False,9999.99,7c008c1fd6a054b5t,MEDIUM,,,,,7c008c1fd6a054b5t_049.23913872843510119992_-04.31309100425310010252
50.0362579987949,-5.01089959712934,199.2529824207284,ais,9434,14618,True,False,3.607457163168335,7c008c1fd6a054b5t,MEDIUM,,,,,7c008c1fd6a054b5t_050.03625799879490188005_-05.01089959712933996627
50.4368623200594,-3.42360796031475,270.11705754040275,ais,5165,26010,True,False,5.022812911562776,7c008c1fd6a054b5t,MEDIUM,,,,,7c008c1fd6a054b5t_050.43686232005939729106_-03.42360796031475000945
49.1538422225546,-4.56612784052712,163.3820210050519,ais,19320,17598,True,False,9999.99,7c008c1fd6a054b5t,MEDIUM,,,,,7c008c1fd6a054b5t_049.15384222255460144879_-04.56612784052711973004
50.3791889679169,-5.95280769127342,89.75512042891653,ais,5398,8025,True,False,9999.99,7c008c1fd6a054b5t,MEDIUM,,,,,7c008c1fd6a054b5t_050.37918896791690315240_-05.95280769127341979896
49.5069975166955,-3.62877684420723,91.16956369803091,ais,15493,24466,True,False,9999.99,7c008c1fd6a054b5t,MEDIUM,,,,,7c008c1fd6a054b5t_049.50699751669549897315_-03.62877684420723012337
50.0216289915363,-5.02164411448867,249.9,ais,9595,14536,True,False,3.5981671994343425,7c008c1fd6a054b5t,MEDIUM,,,,,7c008c1fd6a054b5t_050.02162899153630348792_-05.02164411448867031851
49.3180110597549,-4.67548659286026,275.9554296332654,ais,17478,16841,True,False,9999.99,7c008c1fd6a054b5t,MEDIUM,,,,,7c008c1fd6a054b5t_049.31801105975490173705_-04.67548659286025980464
49.986615885554,-5.99032519067852,81.1160049367574,ais,9751,7583,True,False,9999.99,7c008c1fd6a054b5t,MEDIUM,,,,,7c008c1fd6a054b5t_049.98661588555400214773_-05.99032519067852042838
49.5598328085952,-3.5141320229347,89.135279864933,ais,14912,25300,True,False,9999.99,7c008c1fd6a054b5t,MEDIUM,,,,,7c008c1fd6a054b5t_049.55983280859520334616_-03.51413202293469995041
49.1600863919866,-5.14040524570005,181.48217460641465,ais,19148,13413,True,False,9999.99,7c008c1fd6a054b5t,MEDIUM,,,,,7c008c1fd6a054b5t_049.16008639198660290504_-05.14040524570004997429
49.693556536889,-5.75001006335826,,ais,13075,9186,True,False,9999.99,7c008c1fd6a054b5t,MEDIUM,,,,,7c008c1fd6a054b5t_049.69355653688899820963_-05.75001006335825959326
50.2599374312145,-4.24976111496554,,ais,7066,20110,True,False,5.801497698621487,7c008c1fd6a054b5t,MEDIUM,,,,,7c008c1fd6a054b5t_050.25993743121450307854_-04.24976111496553965452
50.4583930573189,-3.39364434279948,172.26012097978608,ais,4927,26224,True,False,6.516210677513142,7c008c1fd6a054b5t,MEDIUM,,,,,7c008c1fd6a054b5t_050.45839305731890078732_-03.39364434279948001816
49.744142135196,-3.61064607938339,153.93324603195296,ais,12858,24618,True,False,9999.99,7c008c1fd6a054b5t,MEDIUM,,,,,7c008c1fd6a054b5t_049.74414213519600025393_-03.61064607938339010573
49.7222186026308,-5.12386924570199,168.41245671665652,ais,12903,13710,True,False,9999.99,7c008c1fd6a054b5t,MEDIUM,,,,,7c008c1fd6a054b5t_049.72221860263079662445_-05.12386924570199031592
49.4019846575929,-4.07429908956128,134.38299999999998,ais,16624,21224,True,False,9999.99,7c008c1fd6a054b5t,MEDIUM,,,,,7c008c1fd6a054b5t_049.40198465759289803145_-04.07429908956128006281
50.5586155568612,-6.41436031811173,63.699335181998144,ais,3263,4836,True,False,9999.99,7c008c1fd6a054b5t,MEDIUM,,,,,7c008c1fd6a054b5t_050.55861555686119857000_-06.41436031811173013040
49.3353882938088,-4.69508446938248,122.30325953623944,ais,17282,16703,True,False,9999.99,7c008c1fd6a054b5t,MEDIUM,,,,,7c008c1fd6a054b5t_049.33538829380879775499_-04.69508446938248003022
50.2918955879872,-4.14207672655332,61.93877158882857,ais,6723,20883,True,False,2.9594793869757794,7c008c1fd6a054b5t,MEDIUM,,,,,7c008c1fd6a054b5t_050.29189558798719872357_-04.14207672655332004297
49.6236472725313,-3.84448199852314,116.6114728619603,ais,14181,22919,True,False,9999.99,7c008c1fd6a054b5t,MEDIUM,,,,,7c008c1fd6a054b5t_049.62364727253130070039_-03.84448199852314020930
50.1407145331061,-4.7012445653859,14.253767251142856,ais,8328,16861,True,False,9999.99,7c008c1fd6a054b5t,MEDIUM,,,,,7c008c1fd6a054b5t_050.14071453310609882692_-04.70124456538589985399
49.9203884008341,-3.31018078231863,182.2526741366011,ais,10912,26791,True,False,9999.99,7c008c1fd6a054b5t,MEDIUM,,,,,7c008c1fd6a054b5t_049.92038840083409922954_-03.31018078231863022154
49.9756083762369,-6.01647746767624,143.2598296840921,ais,9866,7390,True,False,9999.99,7c008c1fd6a054b5t,MEDIUM,,,,,7c008c1fd6a054b5t_049.97560837623689877773_-06.01647746767624003184
49.9881580276351,-4.59100002276748,120.81439326460917,ais,10041,17613,True,False,9999.99,7c008c1fd6a054b5t,MEDIUM,,,,,7c008c1fd6a054b5t_049.98815802763510163231_-04.59100002276747964913
49.5069126333495,-4.13472929737826,132.7946322885901,ais,15451,20803,True,False,9999.99,7c008c1fd6a054b5t,MEDIUM,,,,,7c008c1fd6a054b5t_049.50691263334950065200_-04.13472929737825989349
49.522463495467,-5.31581266273487,144.09872627594586,ais,15083,12258,True,False,9999.99,7c008c1fd6a054b5t,MEDIUM,,,,,7c008c1fd6a054b5t_049.52246349546700088240_-05.31581266273486985341
50.3556707848605,-3.39238035497612,14.7444622585125,ais,6069,26227,True,False,7.8555488275443,7c008c1fd6a054b5t,MEDIUM,,,,,7c008c1fd6a054b5t_050.35567078486050007768_-03.39238035497611978286
49.9100928132255,-6.01009701139697,138.4423372519262,ais,10596,7407,True,False,9999.99,7c008c1fd6a054b5t,MEDIUM,,,,,7c008c1fd6a054b5t_049.91009281322550350524_-06.01009701139696961292
49.8422533359504,-5.9263563897866,118.35175022411742,ais,11374,7979,True,False,9999.99,7c008c1fd6a054b5t,MEDIUM,,,,,7c008c1fd6a054b5t_049.84225333595040297041_-05.92635638978659962106
49.9552160359039,-5.05170621879677,13.467768414126317,ais,10327,14301,True,False,6.23766777740214,7c008c1fd6a054b5t,MEDIUM,,,,,7c008c1fd6a054b5t_049.95521603590390213867_-05.05170621879677028687
50.0044858660239,-5.01507591397891,186.988276892644,ais,9787,14578,True,False,5.042881598396769,7c008c1fd6a054b5t,MEDIUM,,,,,7c008c1fd6a054b5t_050.00448586602389866584_-05.01507591397890983842
49.9176421458918,-5.06957155809286,183.18632656512827,ais,10741,14161,True,False,9.472734306860268,7c008c1fd6a054b5t,MEDIUM,,,,,7c008c1fd6a054b5t_049.91764214589179715631_-05.06957155809285975323
49.3147018346064,-4.22569786774216,109.41620559675556,ais,17578,20110,True,False,9999.99,7c008c1fd6a054b5t,MEDIUM,,,,,7c008c1fd6a054b5t_049.31470183460640299700_-04.22569786774216016312
49.5440238347201,-5.76192528434837,141.43648670292447,ais,14734,9039,True,False,9999.99,7c008c1fd6a054b5t,MEDIUM,,,,,7c008c1fd6a054b5t_049.54402383472010029664_-05.76192528434837036855
49.271406614441,-4.14609900604526,89.96,ais,18068,20681,True,False,9999.99,7c008c1fd6a054b5t,MEDIUM,,,,,7c008c1fd6a054b5t_049.27140661444099833943_-04.14609900604525982715
50.0284282759211,-5.74452086916063,21.709594417801064,ais,9354,9362,True,False,3.8373674015088364,7c008c1fd6a054b5t,MEDIUM,,,,,7c008c1fd6a054b5t_050.02842827592110097612_-05.74452086916063020539
50.1797027696048,-3.47819296111268,14.77622097718421,ais,8022,25604,True,False,9999.99,7c008c1fd6a054b5t,MEDIUM,,,,,7c008c1fd6a054b5t_050.17970276960480191519_-03.47819296111268005944
49.6230048832075,-3.91727468303784,190.0,ais,14182,22393,True,False,9999.99,7c008c1fd6a054b5t,MEDIUM,,,,,7c008c1fd6a054b5t_049.62300488320749991544_-03.91727468303783998849
49.757088850891,-5.04692452209274,220.28573053329183,ais,12531,14275,True,False,9999.99,7c008c1fd6a054b5t,MEDIUM,,,,,7c008c1fd6a054b5t_049.75708885089100164123_-05.04692452209274033947
49.1929051124113,-5.07186151577407,133.2398202716519,ais,18798,13923,True,False,9999.99,7c008c1fd6a054b5t,MEDIUM,,,,,7c008c1fd6a054b5t_049.19290511241130303688_-05.07186151577406985069
49.9841786266909,-5.0234468677026,200.94224674339125,ais,10011,14512,True,False,5.69199243882274,7c008c1fd6a054b5t,MEDIUM,,,,,7c008c1fd6a054b5t_049.98417862669089828387_-05.02344686770260029363
49.3933633026958,-4.45353646081417,111.319623973131,ais,16674,18470,True,False,9999.99,7c008c1fd6a054b5t,MEDIUM,,,,,7c008c1fd6a054b5t_049.39336330269580344066_-04.45353646081416965075
50.146891634967,-4.00930590369802,46.00864367572917,ais,8349,21807,True,False,9999.99,7c008c1fd6a054b5t,MEDIUM,,,,,7c008c1fd6a054b5t_050.14689163496699819689_-04.00930590369801986839
50.0752441659996,-5.86501346496244,64.54093510491927,ais,8801,8519,True,False,9999.99,7c008c1fd6a054b5t,MEDIUM,,,,,7c008c1fd6a054b5t_050.07524416599959948826_-05.86501346496244035933
49.996325813041,-5.04090731253223,271.9812360544898,ais,9872,14391,True,False,4.016640581803924,7c008c1fd6a054b5t,MEDIUM,,,,,7c008c1fd6a054b5t_049.99632581304099687713_-05.04090731253223012232
50.2020661574429,-3.46370342152775,15.616117105972728,ais,7774,25709,True,False,9999.99,7c008c1fd6a054b5t,MEDIUM,,,,,7c008c1fd6a054b5t_050.20206615744289990744_-03.46370342152774979283
49.9195173511776,-5.73568156619437,132.95799800265235,ais,10567,9381,True,False,9999.99,7c008c1fd6a054b5t,MEDIUM,,,,,7c008c1fd6a054b5t_049.91951735117760335925_-05.73568156619437008459
49.3171722020497,-4.12103038483422,144.41655633940616,ais,17562,20871,True,False,9999.99,7c008c1fd6a054b5t,MEDIUM,,,,,7c008c1fd6a054b5t_049.31717220204969720498_-04.12103038483421979521
50.2652676817175,-3.58834968785068,14.311233373658332,ais,7065,24825,True,False,4.34971329212054,7c008c1fd6a054b5t,MEDIUM,,,,,7c008c1fd6a054b5t_050.26526768171750347847_-03.58834968785067998098
49.8196488676237,-3.51925298665217,121.83260943373028,ais,12023,25283,True,False,9999.99,7c008c1fd6a054b5t,MEDIUM,,,,,7c008c1fd6a054b5t_049.81964886762369815187_-03.51925298665217001215
49.2704471583165,-4.82636081588849,169.17395525904135,ais,17982,15732,True,False,9999.99,7c008c1fd6a054b5t,MEDIUM,,,,,7c008c1fd6a054b5t_049.27044715831650023574_-04.82636081588849030766
49.4420856026597,-3.81184685835918,95.7251819658419,ais,16202,23133,True,False,9999.99,7c008c1fd6a054b5t,MEDIUM,,,,,7c008c1fd6a054b5t_049.44208560265970220371_-03.81184685835917980157
49.8807561029198,-3.60338092959165,360.0,ais,11339,24683,True,False,9999.99,7c008c1fd6a054b5t,MEDIUM,,,,,7c008c1fd6a054b5t_049.88075610291979700150_-03.60338092959164990603
50.3013199158075,-5.86145430403758,82.57837053539716,ais,6289,8641,True,False,9999.99,7c008c1fd6a054b5t,MEDIUM,,,,,7c008c1fd6a054b5t_050.30131991580749684090_-05.86145430403758016524
49.8027025703767,-5.53563570065651,210.60741551734387,ais,11916,10772,True,False,9999.99,7c008c1fd6a054b5t,MEDIUM,,,,,7c008c1fd6a054b5t_049.80270257037670234013_-05.53563570065650978336
49.3977712091385,-3.90871615831361,89.66591646339177,ais,16687,22424,True,False,9999.99,7c008c1fd6a054b5t,MEDIUM,,,,,7c008c1fd6a054b5t_049.39777120913849728367_-03.90871615831360985638
49.9831194180718,-5.05520135068049,150.77862313607977,ais,10016,14284,True,False,3.803908453051436,7c008c1fd6a054b5t,MEDIUM,,,,,7c008c1fd6a054b5t_049.98311941807180147634_-05.05520135068049025762
49.9827888561616,-4.40766212232717,145.22570802958072,ais,10128,18926,True,False,9999.99,7c008c1fd6a054b5t,MEDIUM,,,,,7c008c1fd6a054b5t_049.98278885616159783467_-04.40766212232716991792
49.8201367117816,-5.9374762367964,79.787053847484,ais,11617,7889,True,False,9999.99,7c008c1fd6a054b5t,MEDIUM,,,,,7c008c1fd6a054b5t_049.82013671178160052477_-05.93747623679639957572
49.313165510602,-4.17487654675682,98.74222741953334,ais,17601,20479,True,False,9999.99,7c008c1fd6a054b5t,MEDIUM,,,,,7c008c1fd6a054b5t_049.31316551060199770973_-04.17487654675681962857
50.4252787221079,-3.34251254970351,193.1136574937188,ais,5297,26585,True,False,9999.99,7c008c1fd6a054b5t,MEDIUM,,,,,7c008c1fd6a054b5t_050.42527872210789752216_-03.34251254970350997198
50.6033168420361,-6.01961074480269,105.0555073431899,ais,2888,7651,True,False,9999.99,7c008c1fd6a054b5t,MEDIUM,,,,,7c008c1fd6a054b5t_050.60331684203610080885_-06.01961074480268987230
49.5882717415211,-3.98595520067682,144.0999904127939,ais,14562,21892,True,False,9999.99,7c008c1fd6a054b5t,MEDIUM,,,,,7c008c1fd6a054b5t_049.58827174152109762417_-03.98595520067682018706
49.4435401453262,-4.35674551370014,160.8075121412881,ais,16129,19183,True,False,9999.99,7c008c1fd6a054b5t,MEDIUM,,,,,7c008c1fd6a054b5t_049.44354014532620311684_-04.35674551370014029317
49.9941045696767,-5.07182227437275,206.43955242700275,ais,9891,14168,True,False,2.1205451046138757,7c008c1fd6a054b5t,MEDIUM,,,,,7c008c1fd6a054b5t_049.99410456967670057793_-05.07182227437275034987
50.1309595133852,-3.51926193367458,14.77900682673077,ais,8562,25307,True,False,9999.99,7c008c1fd6a054b5t,MEDIUM,,,,,7c008c1fd6a054b5t_050.13095951338519995488_-03.51926193367458006733
49.8879477757269,-5.16080214332413,84.01696383347458,ais,11053,13497,True,False,8.096960123064356,7c008c1fd6a054b5t,MEDIUM,,,,,7c008c1fd6a054b5t_049.88794777572690009038_-05.16080214332412978706
50.1207365981413,-3.52932957689744,109.92239314636996,ais,8675,25234,True,False,9999.99,7c008c1fd6a054b5t,MEDIUM,,,,,7c008c1fd6a054b5t_050.12073659814129911183_-03.52932957689744020158
49.7465843666327,-5.08630661411293,198.7723293188705,ais,12640,13988,True,False,9999.99,7c008c1fd6a054b5t,MEDIUM,,,,,7c008c1fd6a054b5t_049.74658436663270322242_-05.08630661411292983587
49.2641800878641,-5.48740634125685,199.97,ais,17914,10922,True,False,9999.99,7c008c1fd6a054b5t,MEDIUM,,,,,7c008c1fd6a054b5t_049.26418008786409785671_-05.48740634125685033951
49.9470490058579,-4.70692523110176,114.25403135700316,ais,10480,16772,True,False,9999.99,7c008c1fd6a054b5t,MEDIUM,,,,,7c008c1fd6a054b5t_049.94704900585789886236_-04.70692523110175997658
50.0120448927702,-5.03851447614675,211.8456987997408,ais,9698,14413,True,False,3.236001811789143,7c008c1fd6a054b5t,MEDIUM,,,,,7c008c1fd6a054b5t_050.01204489277019860083_-05.03851447614674974318
50.185263163921,-4.86882209707307,152.77149243309333,ais,7804,15677,True,False,3.0249640201020256,7c008c1fd6a054b5t,MEDIUM,,,,,7c008c1fd6a054b5t_050.18526316392100028452_-04.86882209707307023194
49.3027279242096,-4.70741766273649,147.44256559974036,ais,17643,16606,True,False,9999.99,7c008c1fd6a054b5t,MEDIUM,,,,,7c008c1fd6a054b5t_049.30272792420959859783_-04.70741766273649009378
49.9672051370912,-3.18381876065723,186.9618000983674,ais,10394,27700,True,False,9999.99,7c008c1fd6a054b5t,MEDIUM,,,,,7c008c1fd6a054b5t_049.96720513709119870782_-03.18381876065723012914
49.8453067595822,-4.65555794925427,137.7915901981935,ais,11620,17115,True,False,9999.99,7c008c1fd6a054b5t,MEDIUM,,,,,7c008c1fd6a054b5t_049.84530675958220058419_-04.65555794925426980058
49.9025222479647,-6.25397463040736,14.831304626114706,ais,10607,5653,True,False,2.543245412715656,7c008c1fd6a054b5t,MEDIUM,,,,,7c008c1fd6a054b5t_049.90252224796469704415_-06.25397463040735956952
50.29686053743,-4.15121036620485,14.829462698264704,ais,6667,20819,True,False,2.98573107740249,7c008c1fd6a054b5t,MEDIUM,,,,,7c008c1fd6a054b5t_050.29686053742999973792_-04.15121036620485028834
49.8887771047465,-6.16560033794411,16.5051438457,ais,10787,6281,True,False,8.831680890850693,7c008c1fd6a054b5t,MEDIUM,,,,,7c008c1fd6a054b5t_049.88877710474650228889_-06.16560033794411044283
49.5541057005032,-4.78496876407044,172.27571957729202,ais,14836,16108,True,False,9999.99,7c008c1fd6a054b5t,MEDIUM,,,,,7c008c1fd6a054b5t_049.55410570050320018254_-04.78496876407043991719
50.083302501039,-5.48402018319083,103.26812660078804,ais,8809,11247,True,False,3.642030161038129,7c008c1fd6a054b5t,MEDIUM,,,,,7c008c1fd6a054b5t_050.08330250103900027625_-05.48402018319082973363
49.9525380772733,-5.01114556998217,41.24718269252756,ais,10365,14591,True,False,8.423105093353797,7c008c1fd6a054b5t,MEDIUM,,,,,7c008c1fd6a054b5t_049.95253807727330297439_-05.01114556998216986727
49.5773168647917,-4.74417198650606,142.7146245104,ais,14584,16409,True,False,9999.99,7c008c1fd6a054b5t,MEDIUM,,,,,7c008c1fd6a054b5t_049.57731686479169752602_-04.74417198650605964616
50.5189706101039,-6.14240451251906,136.2819417907908,ais,3789,6743,True,False,9999.99,7c008c1fd6a054b5t,MEDIUM,,,,,7c008c1fd6a054b5t_050.51897061010389933244_-06.14240451251906005581
50.1264184066308,-3.61994260454159,15.51,ais,8607,24587,True,True,9999.99,7c008c1fd6a054b5t,MEDIUM,,,,,7c008c1fd6a054b5t_050.12641840663079761953_-03.61994260454159011431
50.017773877657,-5.70021459652067,12.96412915446383,ais,9484,9675,True,True,2.1873315567720266,7c008c1fd6a054b5t,MEDIUM,,,,,7c008c1fd6a054b5t_050.01777387765699955935_-05.70021459652067008506
49.5613171239558,-5.22242223070732,21.06,ais,14671,12947,True,True,9999.99,7c008c1fd6a054b5t,MEDIUM,,,,,7c008c1fd6a054b5t_049.56131712395580279917_-05.22242223070731981238
50.0446676694496,-5.74149794900942,16.6,ais,9174,9390,True,True,2.452241135916299,7c008c1fd6a054b5t,MEDIUM,,,,,7c008c1fd6a054b5t_050.04466766944960198771_-05.74149794900942023190
50.1843200026451,-3.9761965648866,10.038686089268186,ais,7936,22049,True,True,9.501959915873584,7c008c1fd6a054b5t,MEDIUM,,,,,7c008c1fd6a054b5t_050.18432000264510151055_-03.97619656488660000448
49.2460671911974,-3.80285460374839,17.33,ais,18382,23175,True,True,9999.99,7c008c1fd6a054b5t,MEDIUM,,,,,7c008c1fd6a054b5t_049.24606719119739750568_-03.80285460374838990560
50.7068624124662,-5.7899131596465,26.5,ais,1800,9320,True,True,9999.99,7c008c1fd6a054b5t,MEDIUM,,,,,7c008c1fd6a054b5t_050.70686241246620085121_-05.78991315964649988501
50.3889511118161,-5.98268159275089,11.335739974915793,ais,5281,7817,True,True,9999.99,7c008c1fd6a054b5t,MEDIUM,,,,,7c008c1fd6a054b5t_050.38895111181609820505_-05.98268159275088962090
49.5499735918708,-6.312458090253,37.2,ais,14507,5060,True,True,9999.99,7c008c1fd6a054b5t,MEDIUM,,,,,7c008c1fd6a054b5t_049.54997359187080263609_-06.31245809025300008699
49.1460141844527,-4.34657960190417,19.4,ais,19438,19198,True,True,9999.99,7c008c1fd6a054b5t,MEDIUM,,,,,7c008c1fd6a054b5t_049.14601418445270297752_-04.34657960190417025359
50.0069743781342,-3.44634365832632,23.98,ais,9944,25820,True,True,9999.99,7c008c1fd6a054b5t,MEDIUM,,,,,7c008c1fd6a054b5t_050.00697437813420265229_-03.44634365832631983650
50.1241660658454,-3.89479537800557,24.83,ais,8612,22622,True,True,9999.99,7c008c1fd6a054b5t,MEDIUM,,,,,7c008c1fd6a054b5t_050.12416606584540090807_-03.89479537800557018556
49.4772504513655,-4.88632326759549,22.75,ais,15672,15354,True,True,9999.99,7c008c1fd6a054b5t,MEDIUM,,,,,7c008c1fd6a054b5t_049.47725045136549937297_-04.88632326759548973882
49.5223024791684,-6.34888319343132,31.79,ais,14803,4783,True,True,9999.99,7c008c1fd6a054b5t,MEDIUM,,,,,7c008c1fd6a054b5t_049.52230247916840255584_-06.34888319343131968253
49.7326262613527,-6.28395260930299,18.198779415547623,ais,12486,5355,True,True,9999.99,7c008c1fd6a054b5t,MEDIUM,,,,,7c008c1fd6a054b5t_049.73262626135269925953_-06.28395260930298960034
50.2023405020559,-3.33086883515789,23.0,ais,7776,26657,True,True,9999.99,7c008c1fd6a054b5t,MEDIUM,,,,,7c008c1fd6a054b5t_050.20234050205589682037_-03.33086883515789011767
49.7320132100787,-6.21284514464148,14.99,ais,12515,5867,True,True,9999.99,7c008c1fd6a054b5t,MEDIUM,,,,,7c008c1fd6a054b5t_049.73201321007869779578_-06.21284514464147985535
50.0730533481108,-4.29132342320908,13.0,ais,9139,19778,True,True,9999.99,7c008c1fd6a054b5t,MEDIUM,,,,,7c008c1fd6a054b5t_050.07305334811079688961_-04.29132342320907955724
50.5703977749378,-6.19923043655694,20.6,ais,3200,6365,True,True,9999.99,7c008c1fd6a054b5t,MEDIUM,,,,,7c008c1fd6a054b5t_050.57039777493780263740_-06.19923043655693994936
49.3705939287876,-4.84871701914558,24.8,ais,16864,15597,True,True,9999.99,7c008c1fd6a054b5t,MEDIUM,,,,,7c008c1fd6a054b5t_049.37059392878759922496_-04.84871701914557995394
49.973733333414,-3.84278841498468,23.97,ais,10289,22975,True,True,9999.99,7c008c1fd6a054b5t,MEDIUM,,,,,7c008c1fd6a054b5t_049.97373333341400325480_-03.84278841498468004545
49.7941850875735,-4.28641697781033,23.97,ais,12240,19759,True,True,9999.99,7c008c1fd6a054b5t,MEDIUM,,,,,7c008c1fd6a054b5t_049.79418508757350281257_-04.28641697781032959824
49.2123289433323,-5.43868370126533,19.6,ais,18502,11257,True,True,9999.99,7c008c1fd6a054b5t,MEDIUM,,,,,7c008c1fd6a054b5t_049.21232894333230234452_-05.43868370126533040576
49.640147352522,-3.61363272510238,25.343009628525,ais,14014,24587,True,True,9999.99,7c008c1fd6a054b5t,MEDIUM,,,,,7c008c1fd6a054b5t_049.64014735252199983506_-03.61363272510237987234
50.7239078698249,-6.11769373604386,17.975,ais,1518,7014,True,True,9999.99,7c008c1fd6a054b5t,MEDIUM,,,,,7c008c1fd6a054b5t_050.72390786982489885304_-06.11769373604385968690
49.3021356815914,-5.00658830750321,21.5,ais,17596,14431,True,True,9999.99,7c008c1fd6a054b5t,MEDIUM,,,,,7c008c1fd6a054b5t_049.30213568159140180569_-05.00658830750321026670
49.3411644067981,-4.49025423703926,20.4,ais,17249,18193,True,True,9999.99,7c008c1fd6a054b5t,MEDIUM,,,,,7c008c1fd6a054b5t_049.34116440679810011716_-04.49025423703926040986
50.4177420767082,-3.21342658925063,23.99,ais,5384,27502,True,True,9999.99,7c008c1fd6a054b5t,MEDIUM,,,,,7c008c1fd6a054b5t_050.41774207670820118210_-03.21342658925063018316
50.2974003883715,-6.33872504950215,21.5,ais,6191,5241,True,True,9999.99,7c008c1fd6a054b5t,MEDIUM,,,,,7c008c1fd6a054b5t_050.29740038837149995743_-06.33872504950215009956
49.7400710358113,-3.64456783658352,26.2,ais,12901,24374,True,True,9999.99,7c008c1fd6a054b5t,MEDIUM,,,,,7c008c1fd6a054b5t_049.74007103581129740633_-03.64456783658352012623
49.4500928848254,-4.63637347606039,24.95,ais,16016,17157,True,True,9999.99,7c008c1fd6a054b5t,MEDIUM,,,,,7c008c1fd6a054b5t_049.45009288482540199539_-04.63637347606039007530
49.5076102938242,-3.38622037647445,24.99,ais,15498,26222,True,True,9999.99,7c008c1fd6a054b5t,MEDIUM,,,,,7c008c1fd6a054b5t_049.50761029382420019829_-03.38622037647445006669
50.1395656145319,-3.15956910073507,30.55,ais,8478,27878,True,True,9999.99,7c008c1fd6a054b5t,MEDIUM,,,,,7c008c1fd6a054b5t_050.13956561453189664235_-03.15956910073506991310
50.6763546276559,-6.16962632963575,20.84,ais,2031,6625,True,True,9999.99,7c008c1fd6a054b5t,MEDIUM,,,,,7c008c1fd6a054b5t_050.67635462765589693390_-06.16962632963574986178
49.5494139905663,-5.07380370416306,23.93,ais,14834,14018,True,True,9999.99,7c008c1fd6a054b5t,MEDIUM,,,,,7c008c1fd6a054b5t_049.54941399056630046971_-05.07380370416306014647
49.603173509824,-3.28638371001733,28.0,ais,14439,26949,True,True,9999.99,7c008c1fd6a054b5t,MEDIUM,,,,,7c008c1fd6a054b5t_049.60317350982400341763_-03.28638371001733009535
50.2924408093368,-6.35848449501576,21.5,ais,6240,5097,True,True,9999.99,7c008c1fd6a054b5t,MEDIUM,,,,,7c008c1fd6a054b5t_050.29244080933680294265_-06.35848449501575974097
49.6694639471038,-5.35347766500581,13.591527577263154,ais,13440,12037,True,True,9999.99,7c008c1fd6a054b5t,MEDIUM,,,,,7c008c1fd6a054b5t_049.66946394710380019433_-05.35347766500581023763
50.0465703927133,-4.04393437552694,14.96,ais,9461,21544,True,True,9999.99,7c008c1fd6a054b5t,MEDIUM,,,,,7c008c1fd6a054b5t_050.04657039271329921348_-04.04393437552694035020
49.325523160029,-3.4931250730509,16.0,ais,17518,25435,True,True,9999.99,7c008c1fd6a054b5t,MEDIUM,,,,,7c008c1fd6a054b5t_049.32552316002900028025_-03.49312507305090003129
49.9030807023581,-5.20717226135052,11.83,ais,10875,13169,True,True,5.7364139531251555,7c008c1fd6a054b5t,MEDIUM,,,,,7c008c1fd6a054b5t_049.90308070235810333770_-05.20717226135051980407
50.2245755115298,-3.9481385527428,14.97,ais,7491,22255,True,True,5.832818470271957,7c008c1fd6a054b5t,MEDIUM,,,,,7c008c1fd6a054b5t_050.22457551152979959852_-03.94813855274280012253
49.9102221475074,-4.64854777092598,33.67,ais,10899,17182,True,True,9999.99,7c008c1fd6a054b5t,MEDIUM,,,,,7c008c1fd6a054b5t_049.91022214750739749434_-04.64854777092597970523
49.379900286167,-4.81228333623492,24.99,ais,16767,15864,True,True,9999.99,7c008c1fd6a054b5t,MEDIUM,,,,,7c008c1fd6a054b5t_049.37990028616700044495_-04.81228333623491977278
49.4795534278112,-3.48239882666811,24.99,ais,15806,25523,True,True,9999.99,7c008c1fd6a054b5t,MEDIUM,,,,,7c008c1fd6a054b5t_049.47955342781119725259_-03.48239882666810984801
49.5140293312844,-4.8361926398453,23.5,ais,15272,15727,True,True,9999.99,7c008c1fd6a054b5t,MEDIUM,,,,,7c008c1fd6a054b5t_049.51402933128439798338_-04.83619263984529990097
49.413200540247,-4.78319390242341,24.95,ais,16402,16084,True,True,9999.99,7c008c1fd6a054b5t,MEDIUM,,,,,7c008c1fd6a054b5t_049.41320054024699715001_-04.78319390242340958252
49.3056877863238,-3.90384697774813,16.5,ais,17711,22448,True,True,9999.99,7c008c1fd6a054b5t,MEDIUM,,,,,7c008c1fd6a054b5t_049.30568778632380144700_-03.90384697774813016480
49.7454112404995,-4.57186931621727,23.97,ais,12743,17694,True,True,9999.99,7c008c1fd6a054b5t,MEDIUM,,,,,7c008c1fd6a054b5t_049.74541124049950013841_-04.57186931621726966313
49.7549715363085,-5.30638018392336,23.33,ais,12500,12406,True,True,9999.99,7c008c1fd6a054b5t,MEDIUM,,,,,7c008c1fd6a054b5t_049.75497153630850277750_-05.30638018392335997220
49.9731316004206,-3.68867623219905,24.815,ais,10307,24080,True,True,9999.99,7c008c1fd6a054b5t,MEDIUM,,,,,7c008c1fd6a054b5t_049.97313160042060076194_-03.68867623219904983145
49.4625721971977,-4.73313667314403,24.99,ais,15862,16459,True,True,9999.99,7c008c1fd6a054b5t,MEDIUM,,,,,7c008c1fd6a054b5t_049.46257219719770148458_-04.73313667314403030417
50.7803199869386,-6.49461893911873,18.75,ais,772,4384,True,True,9999.99,7c008c1fd6a054b5t,MEDIUM,,,,,7c008c1fd6a054b5t_050.78031998693860060712_-06.49461893911873033858
49.2201910200211,-5.47434730911144,20.5,ais,18406,11001,True,True,9999.99,7c008c1fd6a054b5t,MEDIUM,,,,,7c008c1fd6a054b5t_049.22019102002109747218_-05.47434730911144029619
49.4754717179624,-3.49283435320706,24.99,ais,15851,25448,True,True,9999.99,7c008c1fd6a054b5t,MEDIUM,,,,,7c008c1fd6a054b5t_049.47547171796239950936_-03.49283435320705981653
49.2333943474396,-4.39689506388296,22.5,ais,18460,18849,True,True,9999.99,7c008c1fd6a054b5t,MEDIUM,,,,,7c008c1fd6a054b5t_049.23339434743959941443_-04.39689506388296003081
50.2401736002159,-3.51273449623044,9.34,ais,7348,25362,True,True,9.58156579291548,7c008c1fd6a054b5t,MEDIUM,,,,,7c008c1fd6a054b5t_050.24017360021589695407_-03.51273449623043987344
49.7012405256855,-3.58899885452269,11.99,ais,13336,24771,True,True,9999.99,7c008c1fd6a054b5t,MEDIUM,,,,,7c008c1fd6a054b5t_049.70124052568549899433_-03.58899885452269007402
49.7697405798939,-5.47972398080331,21.5,ais,12296,11163,True,True,9999.99,7c008c1fd6a054b5t,MEDIUM,,,,,7c008c1fd6a054b5t_049.76974057989389876866_-05.47972398080330957981
50.3913141546182,-3.20063115058926,18.21,ais,5678,27592,True,True,9999.99,7c008c1fd6a054b5t,MEDIUM,,,,,7c008c1fd6a054b5t_050.39131415461820040491_-03.20063115058926017653
49.9932553668691,-4.98122828563281,11.22,ais,9918,14817,True,True,7.722383298647969,7c008c1fd6a054b5t,MEDIUM,,,,,7c008c1fd6a054b5t_049.99325536686909998707_-04.98122828563280961589
50.4284611396209,-6.53103075739479,15.15,ais,4671,3941,True,True,9999.99,7c008c1fd6a054b5t,MEDIUM,,,,,7c008c1fd6a054b5t_050.42846113962090015548_-06.53103075739478988737
49.3056199940296,-3.72198604033299,17.33,ais,17726,23769,True,True,9999.99,7c008c1fd6a054b5t,MEDIUM,,,,,7c008c1fd6a054b5t_049.30561999402959827421_-03.72198604033299007554
50.1047114790404,-4.12744054738963,12.502481096003123,ais,8806,20955,True,True,9999.99,7c008c1fd6a054b5t,MEDIUM,,,,,7c008c1fd6a054b5t_050.10471147904039668219_-04.12744054738962962148
49.1974397265252,-5.1164239899098,24.99,ais,18738,13600,True,True,9999.99,7c008c1fd6a054b5t,MEDIUM,,,,,7c008c1fd6a054b5t_049.19743972652519659050_-05.11642398990979963003
49.8562665967443,-2.64136148312954,127.02779460861656,ais,9873,16915,True,False,9999.99,23b7870dac4a7d1dt,MEDIUM,,,,,23b7870dac4a7d1dt_049.85626659674429816960_-02.64136148312954022188
50.337585366232,-1.68328658687754,160.98557997479625,ais,4445,23707,True,False,9999.99,23b7870dac4a7d1dt,MEDIUM,,,,,23b7870dac4a7d1dt_050.33758536623199830728_-01.68328658687753995871
49.9989125904611,-2.7793201809087,145.27275602555946,ais,8291,15918,True,False,9999.99,23b7870dac4a7d1dt,MEDIUM,,,,,23b7870dac4a7d1dt_049.99891259046110292275_-02.77932018090869981108
49.8421411498506,-3.03048593078603,157.9094063633945,ais,10036,14118,True,False,9999.99,23b7870dac4a7d1dt,MEDIUM,,,,,23b7870dac4a7d1dt_049.84214114985059751461_-03.03048593078603012430
49.5697088502183,-3.50278756352827,150.98944168192324,ais,13053,10702,True,False,9999.99,23b7870dac4a7d1dt,MEDIUM,,,,,23b7870dac4a7d1dt_049.56970885021829786865_-03.50278756352826992071
49.517920931777,-3.54251950976287,159.79686886984442,ais,13627,10410,True,False,9999.99,23b7870dac4a7d1dt,MEDIUM,,,,,23b7870dac4a7d1dt_049.51792093177699882744_-03.54251950976287011130
49.8040657234716,-2.91836726853883,143.42691842642657,ais,10459,14924,True,False,9999.99,23b7870dac4a7d1dt,MEDIUM,,,,,23b7870dac4a7d1dt_049.80406572347160221170_-02.91836726853883021704
49.8277165195314,-4.17478888766261,184.10203880377549,ais,10130,5888,True,False,9999.99,23b7870dac4a7d1dt,MEDIUM,,,,,23b7870dac4a7d1dt_049.82771651953139979696_-04.17478888766260958221
50.0429388250433,-1.56654441986082,185.49092056903103,ais,7705,24601,True,False,9999.99,23b7870dac4a7d1dt,MEDIUM,,,,,23b7870dac4a7d1dt_050.04293882504330071015_-01.56654441986082004767
49.816237588978,-2.8649117848145,122.51963420135002,ais,10323,15309,True,False,9999.99,23b7870dac4a7d1dt,MEDIUM,,,,,23b7870dac4a7d1dt_049.81623758897799802980_-02.86491178481449981774
49.9389496448172,-2.22451050067455,195.71386717145867,ais,8931,19902,True,False,9999.99,23b7870dac4a7d1dt,MEDIUM,,,,,23b7870dac4a7d1dt_049.93894964481719966898_-02.22451050067454980663
49.727207478822,-3.7224058021391,187.39159521903665,ais,11289,9130,True,False,9999.99,23b7870dac4a7d1dt,MEDIUM,,,,,23b7870dac4a7d1dt_049.72720747882200242884_-03.72240580213910021712
50.0142003666314,-1.6926555726446,114.003216540612,ais,8041,23703,True,False,9999.99,23b7870dac4a7d1dt,MEDIUM,,,,,23b7870dac4a7d1dt_050.01420036663139967459_-01.69265557264459998166
50.4224494518227,-2.3213331391661,142.32439479392835,ais,3562,19158,True,False,9999.99,23b7870dac4a7d1dt,MEDIUM,,,,,23b7870dac4a7d1dt_050.42244945182270043915_-02.32133313916610006800
50.3977365392412,-2.25246965879666,80.44643561805141,ais,3832,19650,True,False,9999.99,23b7870dac4a7d1dt,MEDIUM,,,,,23b7870dac4a7d1dt_050.39773653924120111469_-02.25246965879665994592
49.7090014266354,-4.57013598067881,183.06,ais,11398,3017,True,False,9999.99,23b7870dac4a7d1dt,MEDIUM,,,,,23b7870dac4a7d1dt_049.70900142663540322019_-04.57013598067880977283
49.9761332473528,-2.08099409827816,177.94603477147055,ais,8506,20926,True,False,9999.99,23b7870dac4a7d1dt,MEDIUM,,,,,23b7870dac4a7d1dt_049.97613324735279860533_-02.08099409827815984286
50.0275604557539,-2.75979008921338,100.17844396072589,ais,7972,16057,True,False,9999.99,23b7870dac4a7d1dt,MEDIUM,,,,,23b7870dac4a7d1dt_050.02756045575389975966_-02.75979008921337998217
49.9534167392703,-3.01434222340611,106.18718678461872,ais,8799,14234,True,False,9999.99,23b7870dac4a7d1dt,MEDIUM,,,,,23b7870dac4a7d1dt_049.95341673927030257119_-03.01434222340611013280
50.3323464210032,-1.61705442277558,139.28472847240732,ais,4494,24179,True,False,9999.99,23b7870dac4a7d1dt,MEDIUM,,,,,23b7870dac4a7d1dt_050.33234642100320144209_-01.61705442277558009145
49.4913634769179,-3.77684046556304,248.8242708881104,ais,13907,8711,True,False,9999.99,23b7870dac4a7d1dt,MEDIUM,,,,,23b7870dac4a7d1dt_049.49136347691789694636_-03.77684046556304009457
49.5321963184848,-3.64510038234307,258.9512079969026,ais,13462,9669,True,False,9999.99,23b7870dac4a7d1dt,MEDIUM,,,,,23b7870dac4a7d1dt_049.53219631848480020153_-03.64510038234306987803
49.6731067467723,-3.08748195297159,86.1334191217935,ais,11915,13706,True,False,9999.99,23b7870dac4a7d1dt,MEDIUM,,,,,23b7870dac4a7d1dt_049.67310674677229798135_-03.08748195297159000461
49.763355808502,-3.22798698458711,144.6567556889778,ais,10910,12695,True,False,9999.99,23b7870dac4a7d1dt,MEDIUM,,,,,23b7870dac4a7d1dt_049.76335580850199846736_-03.22798698458711008641
49.8716874931014,-1.5515532675002,88.34561286494771,ais,9607,24745,True,False,9999.99,23b7870dac4a7d1dt,MEDIUM,,,,,23b7870dac4a7d1dt_049.87168749310139759245_-01.55155326750019995075
50.4755273889034,-3.4236613262143,29.98182488686,ais,2985,11331,True,False,4.68185092233821,23b7870dac4a7d1dt,MEDIUM,,,,,23b7870dac4a7d1dt_050.47552738890340151556_-03.42366132621430008243
50.0626786041542,-1.39873793825599,105.30293819656784,ais,7461,25798,True,False,9999.99,23b7870dac4a7d1dt,MEDIUM,,,,,23b7870dac4a7d1dt_050.06267860415420045683_-01.39873793825598990992
50.4058225085056,-3.43160542514793,168.49088281336242,ais,3760,11270,True,False,4.4098620182395525,23b7870dac4a7d1dt,MEDIUM,,,,,23b7870dac4a7d1dt_050.40582250850560086519_-03.43160542514792998858
49.3146955876927,-4.70478353688535,248.41559316412923,ais,15760,1947,True,False,9999.99,23b7870dac4a7d1dt,MEDIUM,,,,,23b7870dac4a7d1dt_049.31469558769269667664_-04.70478353688535033683
50.4666022086045,-2.62226783209411,34.64615839901364,ais,3086,17018,True,False,9999.99,23b7870dac4a7d1dt,MEDIUM,,,,,23b7870dac4a7d1dt_050.46660220860449896918_-02.62226783209410996278
50.3986185652652,-3.16824832250664,144.01994097452223,ais,3847,13141,True,False,9999.99,23b7870dac4a7d1dt,MEDIUM,,,,,23b7870dac4a7d1dt_050.39861856526520256239_-03.16824832250663979138
49.5637004051176,-3.91922402375618,162.0,ais,13091,7690,True,False,9999.99,23b7870dac4a7d1dt,MEDIUM,,,,,23b7870dac4a7d1dt_049.56370040511760066693_-03.91922402375617995318
49.966989552348,-2.86116223929127,81.6971782699156,ais,8647,15333,True,False,9999.99,23b7870dac4a7d1dt,MEDIUM,,,,,23b7870dac4a7d1dt_049.96698955234799655045_-02.86116223929127011516
49.4197535571765,-4.47055459025826,121.41493567674402,ais,14628,3672,True,False,9999.99,23b7870dac4a7d1dt,MEDIUM,,,,,23b7870dac4a7d1dt_049.41975355717649875942_-04.47055459025825996378
50.1927790624187,-3.06252226710836,91.17612665947615,ais,6137,13891,True,False,9999.99,23b7870dac4a7d1dt,MEDIUM,,,,,23b7870dac4a7d1dt_050.19277906241870113035_-03.06252226710835984136
50.5126769152268,-3.45007027930622,213.0856501382569,ais,2571,11146,True,False,3.600825219250363,23b7870dac4a7d1dt,MEDIUM,,,,,23b7870dac4a7d1dt_050.51267691522679825766_-03.45007027930622012235
50.4862359243782,-3.4669406096917,253.1094220153963,ais,2864,11024,True,False,2.7506207349845866,23b7870dac4a7d1dt,MEDIUM,,,,,23b7870dac4a7d1dt_050.48623592437819951328_-03.46694060969169992603
49.7889330759905,-2.82303227788266,108.22,ais,10626,15611,True,False,9999.99,23b7870dac4a7d1dt,MEDIUM,,,,,23b7870dac4a7d1dt_049.78893307599049933287_-02.82303227788265997944
49.4003806063083,-4.61449578161045,168.32975454037268,ais,14822,2623,True,False,9999.99,23b7870dac4a7d1dt,MEDIUM,,,,,23b7870dac4a7d1dt_049.40038060630830329956_-04.61449578161044993152
50.0820165178303,-2.53837938294938,222.36999873533213,ais,7359,17640,True,False,9999.99,23b7870dac4a7d1dt,MEDIUM,,,,,23b7870dac4a7d1dt_050.08201651783029717535_-02.53837938294938014749
50.3198669710494,-1.05886982089873,88.97587469488424,ais,4544,28155,True,False,9999.99,23b7870dac4a7d1dt,MEDIUM,,,,,23b7870dac4a7d1dt_050.31986697104940020608_-01.05886982089872994095
49.8664010766558,-3.2761423772237,221.8462839747896,ais,9763,12352,True,False,9999.99,23b7870dac4a7d1dt,MEDIUM,,,,,23b7870dac4a7d1dt_049.86640107665579790819_-03.27614237722369994188
50.3366036128685,-1.32129220176931,287.6767970570683,ais,4404,26283,True,False,9999.99,23b7870dac4a7d1dt,MEDIUM,,,,,23b7870dac4a7d1dt_050.33660361286850104534_-01.32129220176931005959
49.577693747758,-4.05141775311491,132.3410664557633,ais,12923,6736,True,False,9999.99,23b7870dac4a7d1dt,MEDIUM,,,,,23b7870dac4a7d1dt_049.57769374775799775534_-04.05141775311490981437
49.7827808708163,-3.54258882163813,156.92174710054636,ais,10682,10431,True,False,9999.99,23b7870dac4a7d1dt,MEDIUM,,,,,23b7870dac4a7d1dt_049.78278087081630332023_-03.54258882163812982569
50.2549620218454,-1.38444677476864,118.24593883513394,ais,5321,25853,True,False,9999.99,23b7870dac4a7d1dt,MEDIUM,,,,,23b7870dac4a7d1dt_050.25496202184540095459_-01.38444677476863997612
49.767910690935,-3.59598826338843,100.91392168913256,ais,10844,10045,True,False,9999.99,23b7870dac4a7d1dt,MEDIUM,,,,,23b7870dac4a7d1dt_049.76791069093499686460_-03.59598826338842991746
49.3600535961751,-4.68582047746585,136.12165667802608,ais,15259,2096,True,False,9999.99,23b7870dac4a7d1dt,MEDIUM,,,,,23b7870dac4a7d1dt_049.36005359617509924419_-04.68582047746584962056
49.4320389337469,-2.44697312549904,54.1588725994535,ais,14581,18347,True,False,2.6868198478357,23b7870dac4a7d1dt,MEDIUM,,,,,23b7870dac4a7d1dt_049.43203893374690238716_-02.44697312549903989165
49.9080930188626,-2.22278717641751,134.93681726127326,ais,9274,19918,True,False,9999.99,23b7870dac4a7d1dt,MEDIUM,,,,,23b7870dac4a7d1dt_049.90809301886260129777_-02.22278717641750978018
50.2530477426988,-4.41325503160611,105.73933410850876,ais,5372,4262,True,False,9.499832464737699,23b7870dac4a7d1dt,MEDIUM,,,,,23b7870dac4a7d1dt_050.25304774269879715121_-04.41325503160611010145
49.8134935260102,-2.75850489572426,253.10557451571725,ais,10352,16074,True,False,9999.99,23b7870dac4a7d1dt,MEDIUM,,,,,23b7870dac4a7d1dt_049.81349352601019830900_-02.75850489572425994211
50.13047471483,-2.17986187362381,132.6127234679321,ais,6798,20199,True,False,9999.99,23b7870dac4a7d1dt,MEDIUM,,,,,23b7870dac4a7d1dt_050.13047471483000094850_-02.17986187362381000909
49.5811720178188,-3.71384432702326,158.15978958842848,ais,12913,9177,True,False,9999.99,23b7870dac4a7d1dt,MEDIUM,,,,,23b7870dac4a7d1dt_049.58117201781880112321_-03.71384432702325995024
50.0611438798137,-1.59000278415307,139.72759298409636,ais,7506,24429,True,False,9999.99,23b7870dac4a7d1dt,MEDIUM,,,,,23b7870dac4a7d1dt_050.06114387981369873160_-01.59000278415306994795
49.6288327690701,-3.82393420762879,101.95501557515044,ais,12375,8387,True,False,9999.99,23b7870dac4a7d1dt,MEDIUM,,,,,23b7870dac4a7d1dt_049.62883276907010099421_-03.82393420762879010510
49.7503611835058,-3.44198715957068,96.35365746000456,ais,11047,11153,True,False,9999.99,23b7870dac4a7d1dt,MEDIUM,,,,,23b7870dac4a7d1dt_049.75036118350580238712_-03.44198715957067991056
50.3092677895155,-1.00546715488444,145.11467302223488,ais,4652,28539,True,False,9999.99,23b7870dac4a7d1dt,MEDIUM,,,,,23b7870dac4a7d1dt_050.30926778951550204511_-01.00546715488444005082
50.1762700883658,-1.89053552941223,109.0,ais,6262,22259,True,False,9999.99,23b7870dac4a7d1dt,MEDIUM,,,,,23b7870dac4a7d1dt_050.17627008836579705076_-01.89053552941222990924
49.9455716763959,-3.00114265319668,197.89062142036263,ais,8886,14329,True,False,9999.99,23b7870dac4a7d1dt,MEDIUM,,,,,23b7870dac4a7d1dt_049.94557167639590034014_-03.00114265319668005461
50.1011726181458,-2.33475175823382,242.78179414802764,ais,7135,19095,True,False,9999.99,23b7870dac4a7d1dt,MEDIUM,,,,,23b7870dac4a7d1dt_050.10117261814580302826_-02.33475175823381997375
50.1960303557052,-1.6668715369185,180.69777202163095,ais,6016,23852,True,False,9999.99,23b7870dac4a7d1dt,MEDIUM,,,,,23b7870dac4a7d1dt_050.19603035570519722341_-01.66687153691850009629
49.9214915998699,-2.22052972312202,162.74515063953083,ais,9125,19932,True,False,9999.99,23b7870dac4a7d1dt,MEDIUM,,,,,23b7870dac4a7d1dt_049.92149159986990269999_-02.22052972312202001604
50.4051351489466,-3.32112729872499,202.4280133473065,ais,3771,12055,True,False,9999.99,23b7870dac4a7d1dt,MEDIUM,,,,,23b7870dac4a7d1dt_050.40513514894659863330_-03.32112729872498979589
50.5011889702885,-3.46558034035562,188.0303532869183,ais,2698,11035,True,False,2.9411940023173937,23b7870dac4a7d1dt,MEDIUM,,,,,23b7870dac4a7d1dt_050.50118897028850284414_-03.46558034035561979280
50.0212093228781,-3.70889218746853,275.7678050780156,ais,8021,9259,True,False,9999.99,23b7870dac4a7d1dt,MEDIUM,,,,,23b7870dac4a7d1dt_050.02120932287810006756_-03.70889218746853011055
50.4285072633407,-3.50954607164522,161.68268283980274,ais,3504,10718,True,False,2.635313653124543,23b7870dac4a7d1dt,MEDIUM,,,,,23b7870dac4a7d1dt_050.42850726334069833001_-03.50954607164521981133
50.0165699737445,-2.7034739852563,144.9091462219724,ais,8093,16461,True,False,9999.99,23b7870dac4a7d1dt,MEDIUM,,,,,23b7870dac4a7d1dt_050.01656997374450241978_-02.70347398525629989408
50.0586573178809,-2.55974330666513,185.84381465286108,ais,7620,17488,True,False,9999.99,23b7870dac4a7d1dt,MEDIUM,,,,,23b7870dac4a7d1dt_050.05865731788090045029_-02.55974330666512983612
49.6387577164368,-3.58259415345289,144.455200281045,ais,12281,10130,True,False,9999.99,23b7870dac4a7d1dt,MEDIUM,,,,,23b7870dac4a7d1dt_049.63875771643679968292_-03.58259415345288978472
49.8497754061385,-2.62716655924984,170.42842995546593,ais,9945,17017,True,False,9999.99,23b7870dac4a7d1dt,MEDIUM,,,,,23b7870dac4a7d1dt_049.84977540613849811280_-02.62716655924984010539
50.1865700050671,-1.80826249195955,169.2787299209357,ais,6139,22845,True,False,9999.99,23b7870dac4a7d1dt,MEDIUM,,,,,23b7870dac4a7d1dt_050.18657000506709664478_-01.80826249195955002236
49.6110876882674,-3.49975823669644,102.22439466520184,ais,12593,10726,True,False,9999.99,23b7870dac4a7d1dt,MEDIUM,,,,,23b7870dac4a7d1dt_049.61108768826740345048_-03.49975823669644015013
49.3943409824908,-3.88311750605663,106.08380561958349,ais,14977,7929,True,False,9999.99,23b7870dac4a7d1dt,MEDIUM,,,,,23b7870dac4a7d1dt_049.39434098249080307141_-03.88311750605662986402
49.3595231733572,-4.4888367796991,117.87557665998123,ais,15295,3526,True,False,9999.99,23b7870dac4a7d1dt,MEDIUM,,,,,23b7870dac4a7d1dt_049.35952317335720351821_-04.48883677969909999916
50.2337258726505,-4.13914171230986,84.972857645325,ais,5620,6213,True,False,8.610149912639692,23b7870dac4a7d1dt,MEDIUM,,,,,23b7870dac4a7d1dt_050.23372587265050270844_-04.13914171230986038807
50.1246855091641,-2.06016770283691,166.00830163842224,ais,6852,21055,True,False,9999.99,23b7870dac4a7d1dt,MEDIUM,,,,,23b7870dac4a7d1dt_050.12468550916410237051_-02.06016770283690986432
50.2949212440466,-1.36431806164632,126.69446628885368,ais,4874,25987,True,False,9999.99,23b7870dac4a7d1dt,MEDIUM,,,,,23b7870dac4a7d1dt_050.29492124404659847414_-01.36431806164631996836
50.4991910305287,-3.45241531714274,191.4386903139083,ais,2721,11128,True,False,3.898816963088821,23b7870dac4a7d1dt,MEDIUM,,,,,23b7870dac4a7d1dt_050.49919103052869928661_-03.45241531714273985898
49.2264876463751,-4.17833126159106,83.53989634247341,ais,16814,5758,True,False,9999.99,23b7870dac4a7d1dt,MEDIUM,,,,,23b7870dac4a7d1dt_049.22648764637509799513_-04.17833126159105994191
50.1300810079637,-2.25844033180633,146.00059630021923,ais,6808,19637,True,False,9999.99,23b7870dac4a7d1dt,MEDIUM,,,,,23b7870dac4a7d1dt_050.13008100796370314356_-02.25844033180633019242
49.849662134903,-2.73274458312089,157.37640522237336,ais,9949,16258,True,False,9999.99,23b7870dac4a7d1dt,MEDIUM,,,,,23b7870dac4a7d1dt_049.84966213490299935529_-02.73274458312089008061
49.2455214854303,-4.37061427914708,163.85298455080488,ais,16579,4361,True,False,9999.99,23b7870dac4a7d1dt,MEDIUM,,,,,23b7870dac4a7d1dt_049.24552148543030227756_-04.37061427914708033882
50.2469331791018,-4.33568640629342,77.83059614663776,ais,5450,4814,True,False,9999.99,23b7870dac4a7d1dt,MEDIUM,,,,,23b7870dac4a7d1dt_050.24693317910180212493_-04.33568640629342016979
50.4766936250087,-2.88742287179036,31.452013348368,ais,2980,15136,True,False,9999.99,23b7870dac4a7d1dt,MEDIUM,,,,,23b7870dac4a7d1dt_050.47669362500869993937_-02.88742287179035983513
50.1987176850564,-2.77754339438172,80.22632662186237,ais,6069,15925,True,False,9999.99,23b7870dac4a7d1dt,MEDIUM,,,,,23b7870dac4a7d1dt_050.19871768505640119429_-02.77754339438171982124
50.4955439371591,-3.47995411725125,91.45437528141105,ais,2760,10933,True,False,2.142369787696194,23b7870dac4a7d1dt,MEDIUM,,,,,23b7870dac4a7d1dt_050.49554393715909839102_-03.47995411725124981217
50.3777102107019,-2.36730421120854,122.30325953623944,ais,4062,18836,True,False,9999.99,23b7870dac4a7d1dt,MEDIUM,,,,,23b7870dac4a7d1dt_050.37771021070189902957_-02.36730421120853984362
49.9735594755419,-1.93987270940984,114.11812371062534,ais,8521,21939,True,False,9999.99,23b7870dac4a7d1dt,MEDIUM,,,,,23b7870dac4a7d1dt_049.97355947554189725679_-01.93987270940984002365
49.5643467927612,-3.56580096577286,81.8,ais,13109,10245,True,False,9999.99,23b7870dac4a7d1dt,MEDIUM,,,,,23b7870dac4a7d1dt_049.56434679276119936731_-03.56580096577286020931
49.7073660195276,-3.68867960823302,199.9,ais,11512,9371,True,False,9999.99,23b7870dac4a7d1dt,MEDIUM,,,,,23b7870dac4a7d1dt_049.70736601952759770029_-03.68867960823301999085
50.2740676296094,-1.38014047363019,122.120004084,ais,5108,25880,True,False,9999.99,23b7870dac4a7d1dt,MEDIUM,,,,,23b7870dac4a7d1dt_050.27406762960939801133_-01.38014047363019010106
49.893290882399,-3.60727589918569,167.4030637207937,ais,9450,9975,True,False,9999.99,23b7870dac4a7d1dt,MEDIUM,,,,,23b7870dac4a7d1dt_049.89329088239900045210_-03.60727589918568991578
49.7041289495341,-3.15660875158953,152.40729131315564,ais,11569,13208,True,False,9999.99,23b7870dac4a7d1dt,MEDIUM,,,,,23b7870dac4a7d1dt_049.70412894953410187782_-03.15660875158953002639
49.9005977317276,-3.42245581879444,189.44960443586172,ais,9378,11303,True,False,9999.99,23b7870dac4a7d1dt,MEDIUM,,,,,23b7870dac4a7d1dt_049.90059773172760060334_-03.42245581879444005224
50.0316403911989,-1.55746248739986,166.2773639859611,ais,7830,24668,True,False,9999.99,23b7870dac4a7d1dt,MEDIUM,,,,,23b7870dac4a7d1dt_050.03164039119889849871_-01.55746248739985992948
49.8168922584999,-3.5106808000984,242.2106253285421,ais,10304,10663,True,False,9999.99,23b7870dac4a7d1dt,MEDIUM,,,,,23b7870dac4a7d1dt_049.81689225849989810513_-03.51068080009839977862
50.0459565020796,-2.79347563751627,211.3932451216716,ais,7768,15816,True,False,9999.99,23b7870dac4a7d1dt,MEDIUM,,,,,23b7870dac4a7d1dt_050.04595650207959778299_-02.79347563751626992712
50.5040328796785,-2.6373459400702,90.8813642510642,ais,2670,16909,True,False,9999.99,23b7870dac4a7d1dt,MEDIUM,,,,,23b7870dac4a7d1dt_050.50403287967849763618_-02.63734594007020017870
50.1355309196908,-1.97523412377838,139.49787395129997,ais,6724,21660,True,False,9999.99,23b7870dac4a7d1dt,MEDIUM,,,,,23b7870dac4a7d1dt_050.13553091969080099943_-01.97523412377837992437
49.7110313711692,-3.64112185922922,126.95598892432048,ais,11474,9715,True,False,9999.99,23b7870dac4a7d1dt,MEDIUM,,,,,23b7870dac4a7d1dt_049.71103137116919867822_-03.64112185922921982595
49.7503767599341,-1.96444306760487,75.02361500150911,ais,11005,21797,True,False,3.302861176030705,23b7870dac4a7d1dt,MEDIUM,,,,,23b7870dac4a7d1dt_049.75037675993409891362_-01.96444306760487008567
49.4785386178895,-2.19367425918655,94.05237721445964,ais,14047,20178,True,False,9999.99,23b7870dac4a7d1dt,MEDIUM,,,,,23b7870dac4a7d1dt_049.47853861788949814127_-02.19367425918655012396
50.2495643318056,-1.48880659657043,206.5038804608725,ais,5397,25111,True,False,9999.99,23b7870dac4a7d1dt,MEDIUM,,,,,23b7870dac4a7d1dt_050.24956433180560111396_-01.48880659657043001864
49.5659938178343,-3.98180777852888,130.9579636361265,ais,13060,7237,True,False,9999.99,23b7870dac4a7d1dt,MEDIUM,,,,,23b7870dac4a7d1dt_049.56599381783429691950_-03.98180777852887990420
49.3748648436559,-4.60716916087952,174.63880110974495,ais,15107,2670,True,False,9999.99,23b7870dac4a7d1dt,MEDIUM,,,,,23b7870dac4a7d1dt_049.37486484365589944900_-04.60716916087952021996
49.9569937698007,-1.95751156259352,107.3165868458525,ais,8707,21815,True,False,9999.99,23b7870dac4a7d1dt,MEDIUM,,,,,23b7870dac4a7d1dt_049.95699376980069672527_-01.95751156259351999367
50.1670659430614,-1.85015478582892,158.8240777124028,ais,6360,22549,True,False,9999.99,23b7870dac4a7d1dt,MEDIUM,,,,,23b7870dac4a7d1dt_050.16706594306140232220_-01.85015478582892001214
50.1018167701433,-2.18977964359136,164.5386191502192,ais,7118,20131,True,False,9999.99,23b7870dac4a7d1dt,MEDIUM,,,,,23b7870dac4a7d1dt_050.10181677014330148268_-02.18977964359135990335
49.8908721664279,-2.39869240449796,152.4935434582367,ais,9477,18656,True,False,9999.99,23b7870dac4a7d1dt,MEDIUM,,,,,23b7870dac4a7d1dt_049.89087216642789712751_-02.39869240449796006232
49.9977072691977,-2.91014975712529,163.53869223483122,ais,8306,14981,True,False,9999.99,23b7870dac4a7d1dt,MEDIUM,,,,,23b7870dac4a7d1dt_049.99770726919769714414_-02.91014975712529011531
50.4075182471572,-2.49391032537408,186.23950048845597,ais,3738,17933,True,False,9999.99,23b7870dac4a7d1dt,MEDIUM,,,,,23b7870dac4a7d1dt_050.40751824715719919823_-02.49391032537408019465
50.0805229908648,-2.30366376334539,186.47732849690644,ais,7362,19319,True,False,9999.99,23b7870dac4a7d1dt,MEDIUM,,,,,23b7870dac4a7d1dt_050.08052299086480019241_-02.30366376334538980331
49.8694180895476,-4.58630295522046,22.82,ais,9612,2938,True,True,9999.99,23b7870dac4a7d1dt,MEDIUM,,,,,23b7870dac4a7d1dt_049.86941808954760091410_-04.58630295522045994261
50.282858283542,-4.14677740216377,14.3,ais,5073,6167,True,True,3.898104614349818,23b7870dac4a7d1dt,MEDIUM,,,,,23b7870dac4a7d1dt_050.28285828354199793466_-04.14677740216376999882
49.9474587704137,-3.15125740581182,30.55,ais,8864,13252,True,True,9999.99,23b7870dac4a7d1dt,MEDIUM,,,,,23b7870dac4a7d1dt_049.94745877041369652716_-03.15125740581181990052
50.3565647324944,-3.48726720320773,23.97,ais,4305,10871,True,True,1.9487018239599012,23b7870dac4a7d1dt,MEDIUM,,,,,23b7870dac4a7d1dt_050.35656473249439812889_-03.48726720320772987094
50.1809324270117,-4.36521990074546,22.25,ais,6180,4590,True,True,9999.99,23b7870dac4a7d1dt,MEDIUM,,,,,23b7870dac4a7d1dt_050.18093242701169742759_-04.36521990074546017979
50.0431603627924,-3.03005441379352,27.886565482387123,ais,7801,14122,True,True,9999.99,23b7870dac4a7d1dt,MEDIUM,,,,,23b7870dac4a7d1dt_050.04316036279239909845_-03.03005441379352014053
49.8607766649882,-4.4357632845586,26.15,ais,9730,4018,True,True,9999.99,23b7870dac4a7d1dt,MEDIUM,,,,,23b7870dac4a7d1dt_049.86077666498820093466_-04.43576328455860036115
49.0453214887231,-2.91009634046038,20.6,ais,18894,14994,True,True,9999.99,23b7870dac4a7d1dt,MEDIUM,,,,,23b7870dac4a7d1dt_049.04532148872309704757_-02.91009634046038012656
49.8658985256734,-4.27463566388647,23.97,ais,9694,5177,True,True,9999.99,23b7870dac4a7d1dt,MEDIUM,,,,,23b7870dac4a7d1dt_049.86589852567340130918_-04.27463566388647020489
50.2283144763485,-4.46747462032211,21.5,ais,5639,3870,True,True,9999.99,23b7870dac4a7d1dt,MEDIUM,,,,,23b7870dac4a7d1dt_050.22831447634850121631_-04.46747462032211029026
50.1215335496984,-4.02848704902075,23.12,ais,6879,6985,True,True,9999.99,23b7870dac4a7d1dt,MEDIUM,,,,,23b7870dac4a7d1dt_050.12153354969839824662_-04.02848704902075027690
50.2549940670352,-3.18954269674326,26.2,ais,5444,12986,True,True,9999.99,23b7870dac4a7d1dt,MEDIUM,,,,,23b7870dac4a7d1dt_050.25499406703519866824_-03.18954269674325985306
50.2548166782856,-4.33057605232717,14.727818426037771,ais,5363,4852,True,True,9.57063067909214,23b7870dac4a7d1dt,MEDIUM,,,,,23b7870dac4a7d1dt_050.25481667828560006228_-04.33057605232716991139
49.5005367414172,-3.66018874363935,14.99,ais,13813,9557,True,True,9999.99,23b7870dac4a7d1dt,MEDIUM,,,,,23b7870dac4a7d1dt_049.50053674141719994850_-03.66018874363934987315
49.8750418064979,-4.24439607435387,23.97,ais,9596,5396,True,True,9999.99,23b7870dac4a7d1dt,MEDIUM,,,,,23b7870dac4a7d1dt_049.87504180649789731206_-04.24439607435386978551
49.9597371443105,-4.35184303338234,23.99,ais,8641,4641,True,True,9999.99,23b7870dac4a7d1dt,MEDIUM,,,,,23b7870dac4a7d1dt_049.95973714431050183293_-04.35184303338234013125
49.8075037170945,-4.6597647768862,34.2776500946269,ais,10289,2395,True,True,9999.99,23b7870dac4a7d1dt,MEDIUM,,,,,23b7870dac4a7d1dt_049.80750371709449808577_-04.65976477688619983297
50.3399087601045,-3.30848570242704,28.15,ais,4497,12142,True,True,9999.99,23b7870dac4a7d1dt,MEDIUM,,,,,23b7870dac4a7d1dt_050.33990876010449966316_-03.30848570242704020927
50.24080905228,-3.23495094566281,22.18,ais,5601,12662,True,True,9999.99,23b7870dac4a7d1dt,MEDIUM,,,,,23b7870dac4a7d1dt_050.24080905227999949147_-03.23495094566280982917
50.2961483549469,-3.15334294327041,23.0,ais,4987,13245,True,True,9999.99,23b7870dac4a7d1dt,MEDIUM,,,,,23b7870dac4a7d1dt_050.29614835494690083806_-03.15334294327041009254
49.659714794712,-4.26700946905676,22.75,ais,11987,5193,True,True,9999.99,23b7870dac4a7d1dt,MEDIUM,,,,,23b7870dac4a7d1dt_049.65971479471200211719_-04.26700946905676037346
49.2345129987012,-4.47288322584127,24.99,ais,16687,3615,True,True,9999.99,23b7870dac4a7d1dt,MEDIUM,,,,,23b7870dac4a7d1dt_049.23451299870119868274_-04.47288322584126962767
50.2219788918274,-3.12098808606526,30.55,ais,5812,13474,True,True,9999.99,23b7870dac4a7d1dt,MEDIUM,,,,,23b7870dac4a7d1dt_050.22197889182739771741_-03.12098808606525990328
49.9236630279229,-3.8248963931133,30.10536695538621,ais,9097,8416,True,True,9999.99,23b7870dac4a7d1dt,MEDIUM,,,,,23b7870dac4a7d1dt_049.92366302792289900481_-03.82489639311329998606
49.9637243540319,-3.16148670439734,33.53,ais,8683,13179,True,True,9999.99,23b7870dac4a7d1dt,MEDIUM,,,,,23b7870dac4a7d1dt_049.96372435403190337411_-03.16148670439734003068
